gene_symbol,n_lines_expression,mean_log_tpm,median_log_tpm,frac_expressed,frac_high_expressed
ARRDC4,1775,2.5783776395323943,2.6063476,0.8298591549295775,0.40732394366197183
TRIM5,1775,3.7180849576625348,3.9008765,0.956056338028169,0.796056338028169
RAB40C,1775,3.2438190961521123,3.203635,0.9994366197183099,0.6225352112676056
TRIM38,1775,2.24785369044,2.3963788,0.8715492957746479,0.2123943661971831
PPIL2,1775,4.437100926478872,4.4537153,1.0,0.9769014084507043
TRIM23,1775,2.983494921594366,3.0098827,0.9954929577464788,0.5064788732394366
CSNK1D,1775,6.430722207211267,6.4760675,1.0,1.0
UBR1,1775,3.3421418587267606,3.381959,0.9983098591549295,0.7369014084507042
RNF175,1775,0.577756702494648,0.06465388,0.18985915492957747,0.056338028169014086
ZNRF1,1775,4.216394662569014,4.2289186,0.9971830985915493,0.9059154929577464
AXIN1,1775,3.64167562195493,3.668641,0.9983098591549295,0.8445070422535211
VHL,1775,4.625837558878874,4.678382,0.9983098591549295,0.9628169014084507
ANAPC16,1775,6.390307443943661,6.381197,0.9994366197183099,0.9994366197183099
CBLC,1775,1.2537043305092956,0.055845346,0.3228169014084507,0.24619718309859154
MAGEB2,1775,0.6951444801830986,0.023111964,0.14591549295774647,0.09915492957746479
COMMD8,1775,4.987305296816901,5.0106096,0.9994366197183099,0.9887323943661972
UBC,1775,9.660970168788733,9.701067,1.0,1.0
YTHDC1,1775,5.3899098410704225,5.4148088,1.0,0.9994366197183099
WDR5B,1775,2.5317908591492957,2.5042086,0.9943661971830986,0.2112676056338028
TRIM64B,1775,0.014624341665915492,0.0,0.0028169014084507044,0.0
KCTD4,1775,0.33026578103492954,0.03181298,0.09915492957746479,0.03323943661971831
KBTBD13,1775,0.016861954374647888,0.0,0.0022535211267605635,0.0
FBXO36,1775,1.4070555558794364,1.3905797,0.6788732394366197,0.023098591549295774
RNF10,1775,6.682171587323943,6.726164,1.0,1.0
DCUN1D5,1775,6.19130520997183,6.205758,0.9994366197183099,0.9983098591549295
PRAMEF26,1775,0.0059240516664788734,0.0,0.0016901408450704226,0.0
KLHL5,1775,4.733698464477747,4.8838797,0.9723943661971831,0.8907042253521127
TRAF5,1775,3.1021178751363383,3.2176402,0.927887323943662,0.5605633802816902
UBE2D2,1775,6.372475158197183,6.3683634,1.0,1.0
IVNS1ABP,1775,5.91902858253521,5.8686447,1.0,0.9983098591549295
NEURL3,1775,0.6431656279921127,0.1569182,0.2140845070422535,0.05014084507042253
RNF215,1775,3.2922074961464785,3.3222268,0.9949295774647887,0.6580281690140845
DCAF13,1775,6.317349992281691,6.3300705,1.0,0.9994366197183099
RNF223,1775,0.6421195420845071,0.04784267,0.24338028169014084,0.05577464788732395
DDA1,1775,5.285025374591549,5.341292,1.0,0.9971830985915493
ARIH1,1775,5.286017956450704,5.331956,1.0,0.9960563380281691
CCAR2,1775,6.28198401002817,6.3197174,1.0,0.9988732394366198
RNF170,1775,3.6782061111042257,3.7163434,0.9977464788732394,0.8264788732394366
UBE2E2,1775,3.9206925718816903,4.3114305,0.9064788732394367,0.8067605633802817
TRIM16,1775,4.744196090845071,4.693325,0.9994366197183099,0.8935211267605634
MAGEL2,1775,0.17777069570309859,0.0,0.06591549295774649,0.010140845070422535
ANAPC13,1775,6.486449289126761,6.494849,1.0,1.0
FEM1A,1775,1.7553306429887323,1.7333109,0.9070422535211268,0.015774647887323943
TRIM50,1775,0.03481233974197183,0.0,0.004507042253521127,0.0016901408450704226
TSC1,1775,3.891220187211267,3.921817,1.0,0.9312676056338028
MGRN1,1775,4.065769432242254,4.132569,0.9983098591549295,0.916056338028169
RNF19A,1775,4.447329003943661,4.4152246,1.0,0.956056338028169
LNX2,1775,2.7380267249014083,2.6974535,0.992112676056338,0.3453521126760563
DCAF1,1775,3.484927249239437,3.5346096,0.9988732394366198,0.7994366197183098
ZSWIM8,1775,4.885113284788732,4.908068,1.0,0.9780281690140845
RNF225,1775,0.10282622238985915,0.029006138,0.012394366197183098,0.0
AURKA,1775,6.117413007661972,6.242753,0.9994366197183099,0.9853521126760564
GAN,1775,1.667848140907042,1.5784653,0.9042253521126761,0.030985915492957747
NEMF,1775,5.135866336394367,5.2123632,1.0,0.9943661971830986
TRIM48,1775,0.09362021031943661,0.0,0.0276056338028169,0.0067605633802816905
TRIM11,1775,4.071659362366197,4.0711966,1.0,0.967887323943662
COMMD7,1775,5.2266416918253515,5.2733517,0.9988732394366198,0.992112676056338
RBBP6,1775,4.780813253352113,4.7802105,1.0,0.9966197183098592
WRAP53,1775,3.5315810859154926,3.5417874,0.9960563380281691,0.7628169014084507
PAQR3,1775,4.097256662852395,4.097139,0.9994366197183099,0.9143661971830986
TRIM51G,1775,0.026549650990422537,0.0,0.0050704225352112674,0.0011267605633802818
ZER1,1775,3.688585371042254,3.7031672,0.9994366197183099,0.8377464788732394
BAG6,1775,7.1149053668169016,7.1326694,1.0,1.0
FBXL22,1775,0.4775650483543662,0.37138265,0.08788732394366197,0.0022535211267605635
UBE2F,1775,5.352570615830986,5.3892536,1.0,0.9977464788732394
UBE2D4,1775,3.4072877743233803,3.4189131,0.9960563380281691,0.7307042253521127
MIOS,1775,4.166466610873239,4.154883,1.0,0.96
BTBD17,1775,0.16742357150704226,0.0,0.041690140845070424,0.024788732394366197
PML,1775,4.2229608811267605,4.270768,1.0,0.9104225352112676
TRIML1,1775,0.03126060396112676,0.0,0.0033802816901408453,0.0022535211267605635
KEAP1,1775,5.520664185577465,5.5424685,0.9994366197183099,0.9971830985915493
APPBP2,1775,3.869633120056338,3.9208934,0.9994366197183099,0.887887323943662
KIF12,1775,0.7266200413346479,0.112203695,0.20901408450704226,0.0828169014084507
HECTD4,1775,3.548373618405634,3.5647926,0.9988732394366198,0.7357746478873239
FBXO41,1775,2.404489917488451,2.3903127,0.8743661971830986,0.30253521126760563
FANCL,1775,4.8782990583661965,4.9186344,1.0,0.9847887323943662
ICAM1,1775,3.381314143980845,3.4106193,0.7842253521126761,0.5515492957746478
FBXW11,1775,4.775810683042253,4.8505692,0.9988732394366198,0.9791549295774647
CENATAC,1775,4.084789988225352,4.177607,0.9994366197183099,0.8270422535211268
SOCS4,1775,3.872246748169014,3.875721,0.9994366197183099,0.908169014084507
CDK5RAP3,1775,6.650629476394365,6.6383348,1.0,1.0
GID8,1775,4.584900227830986,4.5477953,1.0,0.9949295774647887
TRIM49,1775,0.0552767406456338,0.0,0.012957746478873239,0.003943661971830986
MARCHF3,1775,2.4516338857064786,2.309185,0.8225352112676056,0.3391549295774648
CUL3,1775,5.575367151380282,5.603282,1.0,1.0
PRAMEF10,1775,0.00696922884,0.0,0.0033802816901408453,0.0
MAEA,1775,5.522254897239437,5.6185617,1.0,0.9983098591549295
FBXO24,1775,0.4788034646715493,0.4182137,0.07154929577464789,0.0
MAGEA6,1775,2.058560882162817,0.22775093,0.3628169014084507,0.30253521126760563
FBXO27,1775,1.8499965101814086,1.6664339,0.6309859154929578,0.25183098591549297
NCCRP1,1775,0.3895119668140845,0.051962286,0.10873239436619718,0.03492957746478873
ELOC,1775,7.105344014140846,7.1185675,1.0,1.0
ZNF738,1775,3.5183704832794365,3.740906,0.8991549295774648,0.6946478873239437
RAD54L2,1775,2.7313515348619712,2.7222147,0.9904225352112676,0.36225352112676057
RAB40AL,1775,0.1660126956709859,0.11839029,0.004507042253521127,0.0
CHEK2,1775,4.271303701352113,4.3102164,0.9994366197183099,0.9436619718309859
TRIM13,1775,4.0029441007667605,4.033529,0.9892957746478873,0.9104225352112676
KBTBD2,1775,4.88912926428169,4.8846416,1.0,0.9960563380281691
PCBP2,1775,8.845275606478873,8.8547535,1.0,1.0
LONRF2,1775,0.8821294807983098,0.2300136,0.30704225352112674,0.0771830985915493
FBXW10,1775,0.16812896061183097,0.045593943,0.03323943661971831,0.0033802816901408453
RAB40A,1775,0.6924771928242254,0.6260578,0.2428169014084507,0.0028169014084507044
SOCS7,1775,3.1805516337239434,3.1746268,0.9943661971830986,0.5932394366197183
KLHL28,1775,2.7647590116507046,2.789769,0.9926760563380281,0.3515492957746479
WDTC1,1775,3.6411783786478877,3.6806056,0.9988732394366198,0.8146478873239437
ASB8,1775,4.335161609183099,4.371273,1.0,0.9723943661971831
FBXL6,1775,4.264692360394366,4.2450924,1.0,0.9447887323943662
BIRC7,1775,0.548835164592676,0.055155385,0.12,0.061971830985915494
TRIM43B,1775,0.04934293791661972,0.0,0.009577464788732394,0.0028169014084507044
RNF44,1775,4.460286928957747,4.531425,1.0,0.9312676056338028
TRIM54,1775,0.31876573404225356,0.08460585,0.09126760563380282,0.011267605633802818
KLHL4,1775,0.8111810457188734,0.12933314,0.27098591549295775,0.0923943661971831
TRIM28,1775,8.534556627830986,8.574484,1.0,1.0
SKIC8,1775,6.013695900169013,6.0046453,1.0,1.0
PRAMEF7,1775,0.01350898601915493,0.0,0.0028169014084507044,0.0
KLHL21,1775,3.814896572428169,3.822312,0.9983098591549295,0.8349295774647887
KLHL15,1775,2.638122456724507,2.6063948,0.984225352112676,0.3205633802816901
AMBRA1,1775,3.47429792315493,3.504544,0.9988732394366198,0.780281690140845
CD83,1775,2.6753819641943664,2.6172044,0.8946478873239436,0.38422535211267606
SH3BGRL,1775,5.550980834851831,6.017913,0.9369014084507042,0.8873239436619719
KLHL36,1775,3.462079234868169,3.5017831,0.9909859154929578,0.763943661971831
NHLRC1,1775,1.1016787739030987,1.0456457,0.5138028169014085,0.038873239436619716
HERC5,1775,1.9201744649836618,1.755866,0.6450704225352113,0.2591549295774648
FBXW7,1775,3.6757301710760566,3.6134374,0.9994366197183099,0.811830985915493
ASB5,1775,0.28357037214478875,0.022727154,0.07098591549295774,0.028169014084507043
NEDD4,1775,3.422274647152112,3.4873834,0.963943661971831,0.6805633802816902
ERCC8,1775,3.856497970366197,3.901398,0.9994366197183099,0.9143661971830986
CBL,1775,3.3321700728000003,3.357397,0.9988732394366198,0.6783098591549296
PRAMEF33,1775,0.00444773613971831,0.0,0.0011267605633802818,0.0
RNF208,1775,2.023307215637183,1.881919,0.7701408450704226,0.22140845070422535
CHFR,1775,3.7983125687425354,4.1467123,0.9076056338028169,0.8129577464788732
RNF26,1775,4.883575682050704,4.941923,0.9960563380281691,0.9864788732394366
BABAM2,1775,4.562740950309859,4.581761,1.0,0.9887323943661972
LRRC41,1775,4.905094223605634,4.972173,0.9994366197183099,0.9904225352112676
FBXL20,1775,2.434787895971831,2.4220958,0.9909859154929578,0.1645070422535211
MED8,1775,5.140911168619719,5.1412897,1.0,0.9988732394366198
RAG1,1775,0.69220432816,0.38995552,0.17971830985915493,0.031549295774647886
KCTD1,1775,3.2224976278281687,3.2715483,0.9532394366197183,0.6067605633802817
NOD1,1775,2.3806427014169014,2.3750117,0.9774647887323944,0.17690140845070423
CDC26,1775,5.649494208732395,5.6369433,1.0,0.9988732394366198
HECTD2,1775,2.407369903063662,2.5167286,0.8929577464788733,0.30704225352112674
UBR4,1775,5.703057755476057,5.7505317,0.9994366197183099,0.9994366197183099
IRAK4,1775,3.4113713537329575,3.416614,0.9949295774647887,0.7154929577464789
FBXO47,1775,0.02142598730028169,0.0,0.0016901408450704226,0.0
DET1,1775,2.154852590267606,2.2020571,0.9397183098591549,0.10591549295774648
MARCHF2,1775,3.4328380151380284,3.4582403,0.9949295774647887,0.6940845070422536
RNF144A,1775,2.070336193012958,1.907656,0.6957746478873239,0.27549295774647886
TRIM31,1775,0.7066465322157747,0.08537435,0.1723943661971831,0.0867605633802817
TOPORS,1775,3.7242602310985915,3.7406793,1.0,0.8828169014084507
RPGR,1775,2.7258210316980285,2.699374,0.9926760563380281,0.3571830985915493
KLHL7,1775,4.908986407718309,4.953861,1.0,0.9909859154929578
TRIM56,1775,3.400011442663662,3.511683,0.963943661971831,0.723943661971831
FBXO22,1775,4.983705464619719,4.993851,1.0,0.9915492957746479
PCGF1,1775,4.648704097802818,4.619865,1.0,0.9971830985915493
KBTBD7,1775,2.2366071410732395,2.214103,0.9464788732394366,0.1645070422535211
EPM2A,1775,2.1477233685070423,2.0749507,0.9385915492957746,0.1504225352112676
TNFAIP1,1775,4.275661476281691,4.3576717,1.0,0.9070422535211268
UBE2L6,1775,5.3892021270281685,5.69971,0.9701408450704225,0.9064788732394367
UBXN1,1775,6.635377007098592,6.642498,1.0,0.9994366197183099
UBE2G2,1775,5.91920080371831,5.9754148,1.0,0.9988732394366198
FBXO38,1775,4.513520082985916,4.5365376,0.9983098591549295,0.9830985915492958
RNF126,1775,4.482695984394367,4.576679,1.0,0.9538028169014084
TTC3,1775,5.547531205070423,5.560599,1.0,0.9915492957746479
SMURF1,1775,3.502451131887324,3.5042136,1.0,0.763943661971831
WSB1,1775,6.169606204619718,6.250075,0.9988732394366198,0.9949295774647887
AMFR,1775,5.473319096901408,5.5245433,1.0,0.9977464788732394
GNL3L,1775,3.291806053915493,3.3457143,0.9977464788732394,0.6704225352112676
PELI2,1775,1.5977325728140845,1.3527077,0.5723943661971831,0.18309859154929578
PRAME,1775,2.868195159169578,1.5487276,0.5363380281690141,0.4315492957746479
UBE2L5,1775,0.36548680729183103,0.27090564,0.048450704225352116,0.0005633802816901409
LEO1,1775,4.636517336450704,4.6548023,1.0,0.9909859154929578
NOD2,1775,0.35551053023211265,0.08379067,0.1115492957746479,0.011830985915492958
RNF38,1775,3.678316702028169,3.6783423,1.0,0.8394366197183099
RNF19B,1775,3.592973705239437,3.5448687,0.9994366197183099,0.7729577464788733
HINT1,1775,8.82658615256338,8.865133,1.0,0.9994366197183099
TBL1Y,1775,0.06172726289802817,0.0,0.018591549295774647,0.0016901408450704226
KLHL42,1775,3.8340812109859157,3.84002,0.9994366197183099,0.8681690140845071
KLHL18,1775,3.659492559887324,3.6924272,0.9994366197183099,0.8276056338028169
KCTD2,1775,3.7638750962816903,3.738076,1.0,0.9290140845070423
TOMM6,1775,8.304501933633803,8.2965355,1.0,1.0
MIB2,1775,4.034041509560564,4.144805,0.9966197183098592,0.8157746478873239
RNF168,1775,3.2311542468676056,3.2089465,0.9983098591549295,0.6219718309859155
FBXW10B,1775,1.1138942486405634,0.75115603,0.39267605633802816,0.06422535211267606
GMCL2,1775,0.09577310523380281,0.07905651,0.0005633802816901409,0.0
TRIM59,1775,3.7946086690366196,3.8971243,0.9949295774647887,0.7808450704225353
SOCS3,1775,2.8663056394247883,2.9883049,0.8304225352112676,0.49577464788732395
STYX,1775,3.707070198197183,3.7149708,1.0,0.8529577464788732
ARK2C,1775,0.8497127619588732,0.3609081,0.3267605633802817,0.05746478873239436
ZBTB20,1775,0.5838263442861973,0.4475612,0.1791549295774648,0.0033802816901408453
ITCH,1775,4.829309482309859,4.836131,1.0,0.9819718309859155
RNF8,1775,4.377995217183099,4.419087,1.0,0.9780281690140845
FBXO10,1775,2.032684357239437,1.9665523,0.9030985915492957,0.11380281690140845
UBE2O,1775,3.762479678366197,3.7614236,0.9994366197183099,0.8614084507042253
FBXO30,1775,2.9077143987459158,2.910913,0.9938028169014085,0.4546478873239437
SUV39H2,1775,3.992968774873239,4.056826,0.9988732394366198,0.8822535211267606
PTAR1,1775,3.955143885256338,4.0020094,0.9988732394366198,0.8895774647887323
WDSUB1,1775,3.2075948845560567,3.2340858,0.9966197183098592,0.6501408450704226
LRRC75A,1775,2.1341117150185918,2.0633166,0.8112676056338028,0.23492957746478874
TRIM41,1775,3.903456811492958,3.9614103,1.0,0.9014084507042254
PRAMEF12,1775,0.015586378247323944,0.0,0.003943661971830986,0.0
PCGF6,1775,3.71523285572169,3.7596033,0.9994366197183099,0.8574647887323944
RNF166,1775,3.3505383798873236,3.3214953,0.9994366197183099,0.6805633802816902
UBA7,1775,3.034091924387605,3.1236231,0.8202816901408451,0.5211267605633803
HSPA1B,1775,5.525374681864788,5.6629233,0.9915492957746479,0.9543661971830986
JADE2,1775,3.378225432370141,3.4480076,0.9735211267605633,0.6721126760563381
NEURL1B,1775,1.9624338611126761,1.8276199,0.7104225352112676,0.23211267605633804
CCAR1,1775,5.841485302704225,5.9254227,1.0,0.9988732394366198
SPOPL,1775,3.4188431578923946,3.4417636,0.9932394366197184,0.7645070422535212
SH3RF1,1775,2.7202614937977465,2.8547397,0.9216901408450704,0.4332394366197183
SENP6,1775,5.199555709070422,5.22333,1.0,0.9971830985915493
MKRN1,1775,5.755563352788732,5.7549596,1.0,0.9994366197183099
HERC4,1775,4.7658799505352105,4.6808643,1.0,0.9836619718309859
SIRT7,1775,4.427514531830986,4.4744687,1.0,0.9492957746478873
MDM4,1775,3.422578577459155,3.3934011,0.9949295774647887,0.6563380281690141
BTBD9,1775,1.9959736771492957,2.0038505,0.927887323943662,0.06028169014084507
TRIM27,1775,5.309624453971831,5.330691,1.0,0.9977464788732394
TRIM4,1775,4.06151268044676,4.162621,0.9808450704225352,0.923943661971831
SPSB1,1775,3.092016739224789,3.2844238,0.9019718309859155,0.5926760563380282
DCAF6,1775,5.050921449521127,5.0686235,1.0,0.9966197183098592
FBXO9,1775,5.585055560338028,5.6454306,1.0,0.9971830985915493
COMMD9,1775,5.099761786760564,5.1495643,0.9994366197183099,0.9943661971830986
PHF12,1775,4.255615762929577,4.252158,0.9994366197183099,0.956056338028169
UBE2N,1775,7.1554561655774656,7.204532,1.0,1.0
RNF125,1775,1.2328474719988733,0.80236197,0.4388732394366197,0.10197183098591549
TSPAN17,1775,4.63237125684507,4.7773094,1.0,0.948169014084507
TRIM14,1775,3.3508857047802816,3.5006492,0.9515492957746479,0.6642253521126761
RNF149,1775,4.7249915090394365,4.7843943,0.9898591549295774,0.9723943661971831
CUL1,1775,5.147266367211269,5.173775,1.0,0.9966197183098592
PIN1,1775,5.867790646197182,5.903048,1.0,0.9988732394366198
SKP1,1775,8.856969663380282,8.902315,1.0,1.0
TRIM60,1775,0.030154985658591548,0.0,0.008450704225352112,0.003943661971830986
PCMTD1,1775,4.3336595794366195,4.319589,0.9994366197183099,0.9554929577464789
ANAPC10,1775,4.615927649295775,4.608141,1.0,0.9954929577464788
UBE2J1,1775,4.848331701611267,4.7902975,0.9983098591549295,0.9825352112676057
KLHL8,1775,3.2337509248225356,3.2225,0.9966197183098592,0.6253521126760564
TMEM129,1775,4.40465323543662,4.444243,1.0,0.9712676056338028
CDKN2A,1775,4.166308126625916,4.7822776,0.7132394366197183,0.6304225352112676
DCAF8,1775,6.046480867211267,6.0923553,1.0,0.9988732394366198
BIRC8,1775,0.0007676788456338028,0.0,0.0,0.0
KLHL13,1775,1.8535629594940843,1.5797932,0.5994366197183099,0.24112676056338028
KDM2B,1775,3.6572637186873242,3.5204222,0.9994366197183099,0.7921126760563381
PRAMEF9,1775,0.007610563250140844,0.0,0.0005633802816901409,0.0
TRIM51,1775,0.2254020556484507,0.0,0.06366197183098592,0.036619718309859155
DCUN1D1,1775,4.6098571335774645,4.6266146,1.0,0.984225352112676
CDK5,1775,4.476402718478873,4.488875,1.0,0.96
MID1,1775,2.932186779525634,3.128135,0.8230985915492958,0.5307042253521127
FEM1B,1775,4.357363809802817,4.3846025,1.0,0.9650704225352112
RNF214,1775,3.752516218422535,3.8062518,1.0,0.8664788732394366
DCAF11,1775,5.171103058647888,5.1726913,1.0,0.992112676056338
RC3H1,1775,2.619716698816901,2.6237452,0.9960563380281691,0.21295774647887325
MID2,1775,1.6610959836952113,1.836938,0.64,0.1667605633802817
ZYG11A,1775,0.9850112350822534,0.5140566,0.41746478873239434,0.03380281690140845
CUL2,1775,4.357805271134648,4.409235,0.9994366197183099,0.9695774647887324
CUL9,1775,3.6082228819774644,3.6809206,0.9887323943661972,0.7656338028169014
ARIH2,1775,5.702030466816902,5.7712965,1.0,0.9988732394366198
KCMF1,1775,5.640917296619718,5.6886363,1.0,0.9932394366197184
ANAPC7,1775,6.124321852676056,6.1951823,1.0,0.9983098591549295
ZNRF2,1775,3.461997078510986,3.4723058,0.9926760563380281,0.7149295774647887
CNOT4,1775,3.2925192089126756,3.308773,0.9994366197183099,0.7487323943661972
RFPL4A,1775,0.2662991256878873,0.05204439,0.06535211267605634,0.017464788732394366
TOMM22,1775,6.124069174253521,6.154168,1.0,0.9983098591549295
RNF167,1775,6.191038399774649,6.2229724,1.0,1.0
MSL1,1775,5.679660474647887,5.6726627,1.0,0.9994366197183099
ARMC5,1775,2.4786773452225352,2.4462614,0.9954929577464788,0.17971830985915493
MAP3K1,1775,2.9677472615774647,2.9177258,0.9870422535211267,0.4732394366197183
PRAMEF1,1775,0.036795646685070425,0.0,0.007323943661971831,0.0022535211267605635
FBXW12,1775,0.08919181617690142,0.04052496,0.004507042253521127,0.0
UBE2V1,1775,7.110968078760564,7.091097,1.0,1.0
RNF146,1775,4.620177649343099,4.661744,0.9994366197183099,0.9887323943661972
FBXO11,1775,5.249237646535211,5.277185,0.9983098591549295,0.9971830985915493
FBXO32,1775,3.3864532725476053,3.162682,0.8845070422535212,0.5307042253521127
TRIM71,1775,0.3128356330580282,0.014440995,0.0895774647887324,0.03380281690140845
ZYG11B,1775,2.8987532667661973,2.9031944,0.9943661971830986,0.4456338028169014
FBXL12,1775,4.265929391380282,4.2838106,1.0,0.9864788732394366
LMBR1L,1775,4.321598633295775,4.358502,1.0,0.9611267605633803
MAGEA3,1775,2.2780999135763382,0.28244454,0.39154929577464787,0.3261971830985915
FBXL18,1775,2.449457234061972,2.4656925,0.976338028169014,0.2208450704225352
FBXO46,1775,3.070926426535211,3.0629575,0.9994366197183099,0.5261971830985915
DTX4,1775,1.987563211910986,1.6351832,0.643943661971831,0.27887323943661974
RNF114,1775,6.143770786816901,6.148377,1.0,1.0
TRPC4AP,1775,5.196615911774648,5.21968,1.0,0.9977464788732394
TRIM7,1775,2.228276640392676,2.1580267,0.727887323943662,0.3369014084507042
CTR9,1775,4.589134500000001,4.6547103,1.0,0.9814084507042253
RNF5,1775,5.659745565366197,5.694532,0.9983098591549295,0.9971830985915493
TRAIP,1775,3.5666630616507042,3.6674495,0.9949295774647887,0.7763380281690141
SH3RF2,1775,1.998421919508169,1.9272972,0.6270422535211267,0.323943661971831
CDC23,1775,5.202520966366197,5.238076,1.0,0.9983098591549295
RNF181,1775,6.802748677690141,6.8012624,1.0,1.0
UBE2C,1775,7.390149115684507,7.6546144,0.9932394366197184,0.9802816901408451
PRAMEF13,1775,0.0059572605070422535,0.0,0.0005633802816901409,0.0
STUB1,1775,5.809760088169013,5.838591,1.0,1.0
UBR3,1775,3.800928681842253,3.821547,0.9994366197183099,0.9053521126760563
ASB2,1775,0.8276857065566199,0.20740063,0.24619718309859154,0.07943661971830986
MAPK14,1775,4.701912577521127,4.7231054,1.0,0.9898591549295774
UBE2B,1775,6.585754704563381,6.603469,1.0,1.0
CBLL2,1775,0.0029671232264788733,0.0,0.0,0.0
WWP2,1775,4.12340398912676,4.130461,1.0,0.9554929577464789
TRIM15,1775,0.4797957185030986,0.016112596,0.1476056338028169,0.06422535211267606
HERC6,1775,2.120845489659155,2.0393384,0.775774647887324,0.23211267605633804
UHRF2,1775,4.542361116281691,4.490692,0.9994366197183099,0.963943661971831
SMAD7,1775,3.2791134683414085,3.3611085,0.9509859154929577,0.5966197183098592
RNF20,1775,4.404266126422535,4.4599104,1.0,0.9628169014084507
RNF220,1775,5.750777326366197,5.768822,1.0,0.9988732394366198
MAGEB18,1775,0.025653409882816905,0.0,0.003943661971830986,0.0005633802816901409
ASB9,1775,1.665768132715493,1.3638215,0.5645070422535211,0.20788732394366197
UBE2Q1,1775,5.880931539605634,5.878306,1.0,0.9994366197183099
RNF133,1775,0.10556414767098592,0.021071736,0.011830985915492958,0.0005633802816901409
CCNF,1775,3.491736655177465,3.5957663,0.9892957746478873,0.7352112676056338
TRIM49D1,1775,0.04133393773802816,0.0,0.010140845070422535,0.0022535211267605635
LRSAM1,1775,2.8957493286197185,2.9118872,0.9994366197183099,0.4309859154929577
ZNRF4,1775,0.0055799195442253514,0.0,0.0005633802816901409,0.0005633802816901409
MED21,1775,5.062559718535211,5.0677633,1.0,0.992112676056338
GID4,1775,2.752630937949296,2.7543766,0.9994366197183099,0.331830985915493
CCNB1IP1,1775,5.787142603067042,5.7021284,0.9983098591549295,0.9971830985915493
RMND5A,1775,4.143669303661972,4.137799,1.0,0.9087323943661972
CCDC22,1775,3.0894654326647886,3.0905588,0.9966197183098592,0.5571830985915492
NSMCE3,1775,2.8797814449183097,2.8645527,0.9966197183098592,0.4084507042253521
TRIM8,1775,4.719298315267605,4.6735225,1.0,0.9808450704225352
PDCD6,1775,6.984636346478874,6.9410357,1.0,1.0
FBXL3,1775,4.643188031605635,4.6721706,0.9994366197183099,0.9819718309859155
FBXO34,1775,4.013945565859155,3.9938464,1.0,0.9622535211267605
KCTD5,1775,4.534972281577465,4.527177,0.9994366197183099,0.9892957746478873
KCTD19,1775,0.31761697632169017,0.08981947,0.0895774647887324,0.0067605633802816905
RFFL,1775,3.5015424607887327,3.4664574,0.9988732394366198,0.6907042253521126
KCTD12,1775,2.3730634936061974,2.3291953,0.7346478873239437,0.36225352112676057
FBXO7,1775,5.944904413577464,5.902358,1.0,1.0
TRAF3IP2,1775,3.906237123701972,4.065159,0.9616901408450704,0.8095774647887324
FBXO8,1775,3.7153559116732393,3.6920588,0.9994366197183099,0.8529577464788732
FBXL2,1775,2.3389453582433806,2.5042136,0.8326760563380282,0.3008450704225352
TRIM65,1775,3.806057409406197,3.8213327,0.9949295774647887,0.8845070422535212
UBE2V2,1775,6.647206517746479,6.6890197,1.0,1.0
RNF141,1775,4.369974604591549,4.3442674,0.9994366197183099,0.9605633802816902
RNF25,1775,4.313168106873239,4.3231106,1.0,0.9814084507042253
ZBTB46,1775,1.1377297614095774,0.95473087,0.4788732394366197,0.023661971830985916
TRAF4,1775,5.696084537802817,5.740739,1.0,0.9909859154929578
RNF152,1775,0.9492871699780281,0.5518359,0.363943661971831,0.056338028169014086
TBL1XR1,1775,5.618098494873239,5.5997524,0.9994366197183099,0.9977464788732394
UBE2R2,1775,4.725677617915492,4.7428417,1.0,0.9960563380281691
PDZRN3,1775,1.2500710780529578,0.18825406,0.36338028169014086,0.19380281690140846
RFPL4B,1775,0.14336600788394366,0.0,0.02873239436619718,0.011830985915492958
COMMD3,1775,5.837279064112676,5.8202558,1.0,0.9977464788732394
FBXO45,1775,3.9992166348732394,4.0131674,1.0,0.9228169014084507
UBE2M,1775,6.3237745173295785,6.355115,0.9988732394366198,0.9988732394366198
ZNRF3,1775,2.177827465977465,2.122388,0.9154929577464789,0.15492957746478872
SOCS2,1775,3.1568509979549293,3.131387,0.8687323943661972,0.5335211267605634
DTX1,1775,1.0582204214005635,0.30129966,0.27098591549295775,0.10591549295774648
BIRC3,1775,2.9086739799847887,2.5832615,0.7397183098591549,0.4456338028169014
FBXO39,1775,0.1824325999740845,0.0,0.04732394366197183,0.0022535211267605635
UBE3C,1775,5.334118359633802,5.3948812,0.9988732394366198,0.9954929577464788
MARCHF5,1775,5.039487865577465,5.1305685,1.0,0.9881690140845071
PRAMEF15,1775,0.01346243653915493,0.0,0.0016901408450704226,0.0
PRAMEF17,1775,0.0014559845346478872,0.0,0.0,0.0
DAW1,1775,0.4651929898287324,0.07809059,0.15098591549295776,0.03492957746478873
CRBN,1775,4.827311087774648,4.8473606,1.0,0.9932394366197184
TRIM52,1775,3.3885518863605637,3.4616463,0.9977464788732394,0.6794366197183098
TRIM3,1775,3.0796460234929577,3.043264,0.9814084507042253,0.5138028169014085
FBXO25,1775,3.1136980433571835,3.1647606,0.9633802816901409,0.5757746478873239
HECTD1,1775,5.879138897239437,5.902971,1.0,1.0
SPSB2,1775,3.0102321617802814,2.9880738,0.9954929577464788,0.49577464788732395
HECW2,1775,1.1555125442005636,0.712513,0.41295774647887323,0.08619718309859155
MED6,1775,5.325665931098592,5.344232,1.0,0.9960563380281691
ASB15,1775,0.03360226489295774,0.0,0.0067605633802816905,0.0016901408450704226
TRIM61,1775,0.5392098081549296,0.022163248,0.19774647887323943,0.05070422535211268
KLHL22,1775,3.611220064146479,3.6272566,0.9960563380281691,0.7583098591549295
NFX1,1775,4.207272427774648,4.22438,1.0,0.9707042253521126
SIAH2,1775,4.569267905171832,4.5522356,0.9971830985915493,0.9830985915492958
PPP1R11,1775,5.228561181183099,5.235237,1.0,0.9966197183098592
CBLL1,1775,4.568707732056338,4.6117864,1.0,0.9791549295774647
ISG15,1775,5.318329059267605,5.376565,0.9752112676056338,0.8709859154929578
MED31,1775,4.415628926591549,4.4454885,1.0,0.971830985915493
FBXO15,1775,0.6242907328107042,0.46084213,0.18873239436619718,0.004507042253521127
RMND5B,1775,4.356674261030986,4.399793,0.9988732394366198,0.9577464788732394
FBXO17,1775,2.7673101618991547,3.3396435,0.6794366197183098,0.543661971830986
COMMD5,1775,4.761028567267605,4.748676,1.0,0.9949295774647887
MAGEA2,1775,1.4898030159876057,0.09380083,0.30140845070422534,0.2535211267605634
PTK2,1775,5.739664073852394,6.10976,0.9476056338028169,0.9267605633802817
RNF7,1775,6.64305086230986,6.630379,0.9994366197183099,0.9994366197183099
GABARAP,1775,8.069421161633803,8.104143,1.0,1.0
NEURL1,1775,0.8768440656518309,0.2375784,0.27211267605633804,0.09690140845070423
TAX1BP1,1775,6.351611300957747,6.3966904,1.0,0.9983098591549295
UBOX5,1775,2.0262254607549295,2.021533,0.9814084507042253,0.03323943661971831
KCTD14,1775,1.560368930768451,0.7351244,0.46704225352112677,0.2332394366197183
KLHL29,1775,1.719509470512676,1.7980174,0.6895774647887324,0.1504225352112676
ASB6,1775,3.6451608806760563,3.6499028,1.0,0.8715492957746479
VCP,1775,7.458539928338029,7.4839125,1.0,1.0
LZTR1,1775,4.224001325157746,4.2445827,0.9994366197183099,0.9149295774647888
UBR2,1775,3.106753402253521,3.1205344,1.0,0.5932394366197183
NDFIP1,1775,5.5375646358518305,5.6720405,0.9909859154929578,0.9752112676056338
MARCHF6,1775,6.525610992619718,6.463477,1.0,1.0
NHLRC3,1775,4.01775699287324,4.033458,0.9983098591549295,0.9047887323943662
TOMM20,1775,7.154166103042254,7.1297054,1.0,1.0
RLIM,1775,4.043806983774648,4.09541,1.0,0.9233802816901409
BMI1,1775,5.396264647042254,5.3899245,1.0,0.9881690140845071
PRAMEF2,1775,0.023457116130140846,0.0,0.004507042253521127,0.0
IRF2BP1,1775,3.4773922690140844,3.477548,0.9994366197183099,0.763943661971831
MEX3C,1775,4.703985523621972,4.738757,0.9876056338028169,0.9735211267605633
PCMTD2,1775,4.971842709690141,4.9562845,0.9994366197183099,0.9864788732394366
BTBD6,1775,4.378833205592112,4.657897,0.9487323943661972,0.8940845070422535
SPHK1,1775,3.2061161888828167,3.1698143,0.8659154929577465,0.532394366197183
PRAMEF25,1775,0.00850872186140845,0.0,0.0005633802816901409,0.0
WDR26,1775,5.426713326422536,5.440763,1.0,0.9994366197183099
RNF113A,1775,4.005069037802817,4.009634,1.0,0.9380281690140845
FBXO43,1775,1.2988283420129578,1.1560405,0.5622535211267605,0.056901408450704224
RFPL4AL1,1775,0.16530700412338029,0.0,0.03718309859154929,0.012394366197183098
RNF183,1775,0.2846084937430986,0.062362142,0.07323943661971831,0.02140845070422535
KCTD15,1775,3.2897614217622535,3.6996071,0.8535211267605634,0.6630985915492957
FBXO21,1775,4.263513680090141,4.3147182,0.9983098591549295,0.9447887323943662
DCAF4,1775,3.7054408303938033,3.7012718,0.9971830985915493,0.8456338028169014
RFPL2,1775,0.1887612051284507,0.041028455,0.041690140845070424,0.0022535211267605635
MAGEC2,1775,0.9745713897752113,0.069725536,0.21295774647887325,0.13464788732394367
N4BP1,1775,4.098684064167887,4.1360354,0.9994366197183099,0.9340845070422535
UBE4A,1775,3.904536594535211,3.9906192,1.0,0.8940845070422535
ANAPC1,1775,4.442968130366197,4.504868,1.0,0.963943661971831
FBXL15,1775,3.1049414977859153,3.1092267,0.9971830985915493,0.5622535211267605
RABGEF1,1775,4.240237627549297,4.2326913,1.0,0.9825352112676057
FBXO40,1775,0.02607051118478873,0.0,0.0033802816901408453,0.0
TRIM69,1775,3.881424933340282,3.8914678,0.992112676056338,0.8315492957746479
TRIM24,1775,3.5597064087943666,3.507097,0.9988732394366198,0.7312676056338028
PATZ1,1775,3.978679103154929,3.9880848,0.9994366197183099,0.8856338028169014
MIB1,1775,4.065447423414084,4.0827026,0.9994366197183099,0.9194366197183098
ENTREP1,1775,0.6927521896315493,0.2298426,0.2647887323943662,0.03211267605633803
SPOP,1775,5.201681669859155,5.251011,1.0,0.9971830985915493
UBAC1,1775,4.739856523774647,4.722253,1.0,0.9960563380281691
SHARPIN,1775,5.263764430647887,5.2595587,1.0,0.9983098591549295
ECT2L,1775,0.08604255251492958,0.05646006,0.003943661971830986,0.0
KLHL9,1775,3.517830331387606,3.7578766,0.9290140845070423,0.7943661971830986
PRAMEF4,1775,0.015337453032676057,0.0,0.0028169014084507044,0.0011267605633802818
AKTIP,1775,4.266263621014084,4.3031087,0.9994366197183099,0.923943661971831
KCTD7,1775,2.7109314830704228,2.7436075,0.9735211267605633,0.38422535211267606
RANBP10,1775,3.132762571661972,3.144146,0.9988732394366198,0.5915492957746479
FBXO3,1775,4.258691567943662,4.2891927,1.0,0.9622535211267605
RNF212B,1775,0.0363672991228169,0.0,0.0011267605633802818,0.0
RFPL1,1775,0.07767682037971832,0.0,0.008450704225352112,0.0
RNF135,1775,3.2483574761915492,3.5532622,0.9047887323943662,0.7183098591549296
DCAF12,1775,4.615930118422535,4.5708637,1.0,0.9864788732394366
COMMD6,1775,6.809256135887324,6.8273234,1.0,1.0
ASB11,1775,0.09563085424901409,0.0,0.023098591549295774,0.008450704225352112
KCTD3,1775,4.852802999286197,4.9367557,0.9853521126760564,0.9616901408450704
KLHL40,1775,0.026489977053521126,0.0,0.009014084507042254,0.0022535211267605635
CAND2,1775,0.9542428409459156,0.5072324,0.37408450704225354,0.0552112676056338
DAZAP2,1775,7.284159204394366,7.315376,1.0,1.0
FBXW4,1775,4.060479162125634,4.112859,0.9960563380281691,0.9312676056338028
RABGGTB,1775,6.892050525239436,6.9135356,1.0,1.0
CUL4A,1775,5.472467808788733,5.504102,1.0,0.9994366197183099
DDB1,1775,7.114398879830986,7.1558704,1.0,1.0
SOCS5,1775,3.5220685381380283,3.416325,0.9983098591549295,0.7340845070422535
ABL1,1775,4.489933115774647,4.5351696,1.0,0.9661971830985916
TULP4,1775,2.918763154749296,2.9309626,0.9870422535211267,0.4676056338028169
PJA2,1775,5.275524226681689,5.3211308,0.9988732394366198,0.9904225352112676
SEC13,1775,6.649432681971831,6.6277924,1.0,1.0
CLU,1775,5.866159857338592,6.3091617,0.9261971830985916,0.8084507042253521
SKP2,1775,4.857207448394366,4.7967896,1.0,0.9622535211267605
RNF4,1775,5.428663789577465,5.475497,1.0,0.9977464788732394
FBXL7,1775,1.2927438777904223,0.1710018,0.4169014084507042,0.20450704225352112
HDAC6,1775,4.7047691703661965,4.70998,1.0,0.9814084507042253
PRAMEF19,1775,0.005398574170140845,0.0,0.0011267605633802818,0.0
ANKRD9,1775,2.903086523597183,2.9780548,0.9459154929577465,0.48619718309859156
ASB14,1775,0.33068654377014084,0.27846655,0.02028169014084507,0.0
KCTD11,1775,2.7164873240816902,2.7379637,0.9408450704225352,0.40788732394366195
TRIM42,1775,0.008309391189859155,0.0,0.0022535211267605635,0.0
RANBP9,1775,5.111817840338028,5.141171,1.0,0.9966197183098592
ANAPC11,1775,7.177305940112676,7.209073,1.0,1.0
TRIM34,1775,2.170699472498028,2.3605301,0.7988732394366197,0.28169014084507044
DCAF7,1775,5.465763167267607,5.486547,1.0,0.9943661971830986
TRIM2,1775,3.0804305779521126,3.158862,0.8591549295774648,0.5414084507042254
PTK2B,1775,3.0436512810140846,2.700564,0.9138028169014084,0.4473239436619718
LRR1,1775,4.836890309126761,4.897623,1.0,0.9819718309859155
UBE2H,1775,5.499338504,5.509791,1.0,0.9938028169014085
TRAF6,1775,2.4747244282760565,2.474444,0.9954929577464788,0.13802816901408452
ASB16,1775,1.0050415100276056,0.9146242,0.4332394366197183,0.0067605633802816905
RING1,1775,4.9981893018028165,5.0279856,1.0,0.9971830985915493
RNF187,1775,5.385938212845071,5.351763,1.0,0.9983098591549295
FBXL13,1775,0.9319939411515493,0.63364416,0.27605633802816903,0.05971830985915493
CUL5,1775,3.7207753189577466,3.7854354,0.9988732394366198,0.8676056338028169
NSMCE1,1775,5.776895702197183,5.796304,1.0,0.9994366197183099
UBE2E1,1775,6.8412560326309855,6.8812976,0.9988732394366198,0.9971830985915493
FBXL4,1775,2.9075485348169017,2.9358218,0.9988732394366198,0.4445070422535211
TBL1X,1775,3.1550024087977464,3.2248552,0.9538028169014084,0.6045070422535211
PRAMEF14,1775,0.011182918428169014,0.0,0.0011267605633802818,0.0
NF2,1775,3.7558849059543657,3.6961274,0.9898591549295774,0.811830985915493
DDB2,1775,4.771502644225352,4.7783556,1.0,0.9594366197183098
RNF31,1775,4.623667268845071,4.652062,1.0,0.9830985915492958
RNF128,1775,1.6479788379160563,0.48887384,0.4230985915492958,0.2591549295774648
WWP1,1775,4.48941259971831,4.4813895,1.0,0.9707042253521126
ASB1,1775,4.0988273799999995,4.0697794,1.0,0.931830985915493
FBH1,1775,4.924162952957747,4.9625955,1.0,0.9960563380281691
USP5,1775,5.4741081710422534,5.510367,1.0,0.9977464788732394
DCST1,1775,0.08138317147661972,0.035733692,0.004507042253521127,0.0005633802816901409
ANAPC4,1775,4.282209056732395,4.3304005,1.0,0.9684507042253521
UBE2T,1775,6.49748506540845,6.584597,0.9994366197183099,0.9949295774647887
ZBTB8A,1775,2.135856001350986,2.2116694,0.9149295774647888,0.1132394366197183
RNF145,1775,6.031638228478873,6.0856543,0.9988732394366198,0.9926760563380281
E4F1,1775,3.5885104661408453,3.679559,0.9994366197183099,0.7853521126760563
PEX2,1775,5.40128782112676,5.4279647,1.0,0.9988732394366198
BFAR,1775,6.06190926174648,6.0711427,1.0,0.9994366197183099
DZIP3,1775,2.8948265530929573,2.9400916,0.979718309859155,0.46816901408450706
SPSB4,1775,0.5042087142461972,0.02589061,0.16056338028169015,0.05464788732394366
RNF213,1775,5.044319050760563,5.016082,0.9994366197183099,0.9729577464788732
RNF13,1775,5.276426236619717,5.243943,1.0,0.9988732394366198
RTF1,1775,4.501199305239437,4.5403867,1.0,0.984225352112676
TRIM40,1775,0.03320217491661972,0.0,0.007323943661971831,0.0
UBE2U,1775,0.030863799440000002,0.0,0.0033802816901408453,0.0
KCTD9,1775,4.838889201847887,4.8813806,0.9977464788732394,0.9774647887323944
FBXO42,1775,3.4708512018563376,3.4763947,0.9994366197183099,0.8056338028169014
KLHL6,1775,0.6665648461470424,0.025842428,0.15267605633802817,0.12169014084507042
BRCA1,1775,4.195356995346478,4.321387,0.9949295774647887,0.8794366197183099
RNF34,1775,5.07241721143662,5.0802865,1.0,0.9966197183098592
FBXO48,1775,1.0007749081723942,0.9379967,0.4405633802816901,0.0016901408450704226
USP9X,1775,4.9514571803380285,5.00105,1.0,0.9830985915492958
KCTD13,1775,3.50449886731831,3.5153215,0.9977464788732394,0.7487323943661972
INSIG2,1775,4.947995303802817,4.888242,0.9994366197183099,0.9898591549295774
SPRTN,1775,3.57718136,3.615428,1.0,0.8636619718309859
RNF186,1775,0.13802219043042252,0.0,0.044507042253521124,0.011830985915492958
KCTD8,1775,0.18982119420112678,0.0,0.06253521126760564,0.005633802816901409
LMO7,1775,5.306553270822536,5.4009137,0.9915492957746479,0.8816901408450705
TRIM26,1775,4.551415916512676,4.557024,0.9988732394366198,0.9819718309859155
KCTD10,1775,4.929702705070422,4.966938,1.0,0.992112676056338
FBXO16,1775,1.901400794870986,2.0020509,0.8028169014084507,0.13070422535211268
PLK1,1775,5.7579378926028175,5.9922633,0.9960563380281691,0.9695774647887324
L3MBTL3,1775,2.3625261541757747,2.3725314,0.923943661971831,0.2343661971830986
TAF1,1775,4.237388361577465,4.273165,1.0,0.9509859154929577
KLHL20,1775,3.732746130388733,3.7589853,0.9994366197183099,0.8766197183098592
CDC27,1775,5.730918383380281,5.826093,1.0,0.9966197183098592
TOMM40,1775,6.042254087323943,6.1012635,1.0,0.9994366197183099
ANKIB1,1775,4.415250360394366,4.4634,1.0,0.9667605633802817
RBX1,1775,6.30292380484507,6.3278437,1.0,0.9994366197183099
SHPRH,1775,2.359927666484507,2.338818,0.956056338028169,0.19718309859154928
KLHL11,1775,1.78246069592,1.7489763,0.8974647887323943,0.048450704225352116
FBXW8,1775,2.837136029042253,2.8483496,0.9938028169014085,0.40619718309859154
DTX3L,1775,3.5839247463898594,3.721996,0.9515492957746479,0.7284507042253521
FBXW2,1775,4.193865857802817,4.2533693,1.0,0.9656338028169014
RNF111,1775,4.417035927830986,4.496194,1.0,0.9628169014084507
UBE3D,1775,2.232558656146479,2.2007554,0.979718309859155,0.11492957746478873
FEM1C,1775,3.2929244906873243,3.2711103,0.9988732394366198,0.6664788732394367
KLHDC2,1775,4.999180051943662,5.01069,1.0,0.9966197183098592
RNF43,1775,1.5591976351695773,0.9179297,0.48619718309859156,0.19774647887323943
RNF139,1775,4.67712193256338,4.6466985,1.0,0.9943661971830986
VPS18,1775,3.4972730755211265,3.5068686,0.9994366197183099,0.7774647887323943
ABTB2,1775,2.088618866586479,2.1180375,0.819718309859155,0.20338028169014086
ASB4,1775,0.32603090822140846,0.02074469,0.08338028169014085,0.03323943661971831
FZR1,1775,4.209086933746479,4.2439585,1.0,0.9447887323943662
HAT1,1775,6.154516663154929,6.242521,1.0,0.9966197183098592
CBLB,1775,3.3105150601470426,3.2875595,0.9926760563380281,0.611830985915493
UBE2D3,1775,7.912481144957747,7.9590282,1.0,1.0
RNF2,1775,4.304272499149296,4.3226495,0.9971830985915493,0.9487323943661972
RNF169,1775,2.7311497922929573,2.7516308,0.9791549295774647,0.3583098591549296
KCTD16,1775,0.26404683121802813,0.03666368,0.08,0.013521126760563381
KCTD18,1775,3.3229762966760568,3.3383389,1.0,0.7177464788732394
TRIM75,1775,0.013213489206760562,0.0,0.0005633802816901409,0.0
FBXW5,1775,5.1988706051830995,5.297316,1.0,0.9938028169014085
TOMM7,1775,8.71899470743662,8.699246,1.0,1.0
ANAPC15,1775,5.732484343661972,5.765548,1.0,0.9983098591549295
MSL2,1775,3.909286569633803,3.8522086,1.0,0.8985915492957747
RNF180,1775,0.46047073394140847,0.1350633,0.1808450704225352,0.005633802816901409
CCIN,1775,0.16588934338366196,0.01927349,0.044507042253521124,0.0011267605633802818
PRAMEF18,1775,0.0014922813814084509,0.0,0.0,0.0
PRAMEF5,1775,0.0077854813718309865,0.0,0.0005633802816901409,0.0
COP1,1775,4.783424742084507,4.780079,1.0,0.9960563380281691
SLX4,1775,1.927547032169014,1.9279798,0.9188732394366197,0.056901408450704224
FBXW9,1775,2.8137364095999997,2.806454,0.9960563380281691,0.37126760563380284
RFWD3,1775,4.797275513126761,4.884261,1.0,0.9712676056338028
SOCS6,1775,3.3720749101138026,3.4844346,0.96,0.6957746478873239
FBXL16,1775,1.7855365086377464,1.5008581,0.6005633802816901,0.23211267605633804
ZNF598,1775,4.686621160422535,4.7152452,0.9994366197183099,0.9853521126760564
DCUN1D4,1775,4.598037295397184,4.6819158,0.9977464788732394,0.9633802816901409
TRIM45,1775,1.98199272784,1.9331912,0.8704225352112676,0.11492957746478873
WDR77,1775,5.05376664,5.0913954,1.0,0.9938028169014085
UBE2Q2,1775,4.493675489988732,4.503565,0.9954929577464788,0.971830985915493
RNF14,1775,5.283875233183099,5.3113,1.0,0.9932394366197184
TNFAIP3,1775,2.9360313797785915,2.7723482,0.8777464788732394,0.4326760563380282
PIAS4,1775,3.6082072519436617,3.627315,0.9994366197183099,0.8185915492957746
LNX1,1775,1.2686203465487322,0.9239516,0.48169014084507045,0.0771830985915493
NOSIP,1775,5.664642279605634,5.652687,1.0,1.0
KLHL10,1775,0.08774073071549295,0.05360073,0.0022535211267605635,0.0
DYRK2,1775,3.6986523888450704,3.6885386,1.0,0.8045070422535211
FBXL8,1775,2.7283363431464784,2.7211626,0.9645070422535211,0.37577464788732395
HLTF,1775,4.617808036739718,4.82024,0.9729577464788732,0.9177464788732395
XIAP,1775,3.9512723396090137,3.9833128,0.9988732394366198,0.9154929577464789
IRF2BPL,1775,3.63417938352676,3.723362,0.9954929577464788,0.7481690140845071
UBE2J2,1775,5.340145509239437,5.38521,1.0,0.9994366197183099
RNFT1,1775,4.306068707797183,4.337547,0.9994366197183099,0.9363380281690141
TRIM35,1775,2.971501214738028,2.9772213,0.9983098591549295,0.48225352112676056
KLHDC10,1775,4.049714868,4.1071186,1.0,0.9104225352112676
RNF144B,1775,1.9160698551014084,1.6178768,0.6208450704225352,0.24901408450704227
HERC3,1775,2.5676793202140846,2.589567,0.9554929577464789,0.3323943661971831
MALT1,1775,3.7094702767492955,3.7266896,0.9938028169014085,0.7611267605633802
NEURL2,1775,1.1752898737543662,1.1024969,0.5673239436619718,0.007323943661971831
KBTBD4,1775,3.806746228450704,3.853407,1.0,0.9030985915492957
RNF123,1775,4.095676848619719,4.1321077,1.0,0.9554929577464789
TRIM10,1775,0.17910098807661973,0.007024665,0.061971830985915494,0.005633802816901409
NLRP12,1775,0.09364791507380282,0.006206091,0.029859154929577466,0.003943661971830986
PJA1,1775,3.9880482800135217,4.1164646,0.9791549295774647,0.8732394366197183
TRIM63,1775,0.34609642758535214,0.01571022,0.06929577464788732,0.04676056338028169
TOMM5,1775,7.654195186647887,7.681801,1.0,1.0
RNF40,1775,5.454889396901407,5.470534,1.0,0.9988732394366198
KBTBD6,1775,2.727401312028169,2.687587,0.9949295774647887,0.3312676056338028
TRIM49B,1775,0.042427017966760565,0.0,0.010704225352112675,0.0022535211267605635
DTX2,1775,3.6518264654647887,3.5468204,1.0,0.7459154929577465
MED12,1775,3.6706277986140847,3.6912103,0.9966197183098592,0.7892957746478874
ZSWIM2,1775,0.04259638790816902,0.0,0.005633802816901409,0.0005633802816901409
MED27,1775,5.001011603211268,4.9776735,1.0,0.992112676056338
FBXL5,1775,4.966379388169014,4.9823637,1.0,0.9949295774647887
OBI1,1775,3.526028701126761,3.4767964,0.9994366197183099,0.7549295774647887
TRIM6,1775,1.9513099495892956,1.9219618,0.6445070422535212,0.29126760563380283
KLHDC3,1775,5.642024490929577,5.6415663,1.0,0.9994366197183099
DCAF17,1775,3.5438892795098593,3.5805073,0.9983098591549295,0.8230985915492958
CDC16,1775,5.372299921126761,5.378848,1.0,0.9994366197183099
UBE2G1,1775,5.178557078309859,5.211838,1.0,0.992112676056338
TRIM33,1775,4.016912312676056,4.024559,1.0,0.9267605633802817
PHF23,1775,5.09577592,5.1513395,1.0,0.9954929577464788
BTBD18,1775,0.055201564459154924,0.038523275,0.0,0.0
TRIM21,1775,3.2576383229166197,3.3719046,0.9690140845070423,0.6552112676056338
UHRF1,1775,4.611470297010141,4.7017817,0.9949295774647887,0.9025352112676056
ZBTB44,1775,3.639387928676056,3.6168869,1.0,0.7701408450704226
TRIM9,1775,1.2860952818197184,0.69622,0.41464788732394364,0.14535211267605633
CORO7,1775,3.779976955391549,3.7289653,0.9983098591549295,0.7645070422535212
PRAMEF8,1775,0.02609630797408451,0.0,0.005633802816901409,0.0011267605633802818
KLHL38,1775,0.1732245828315493,0.024069987,0.04507042253521127,0.003943661971830986
NEDD4L,1775,4.628389955806198,4.8079886,0.9712676056338028,0.8726760563380281
FBXO5,1775,4.666913078084508,4.7274904,0.9988732394366198,0.9391549295774648
CBFB,1775,5.809153947323943,5.8225594,0.9994366197183099,0.9971830985915493
UBE2E3,1775,6.094628623926196,6.184201,0.9904225352112676,0.9836619718309859
PEF1,1775,5.65445045971831,5.706569,1.0,1.0
TRIM73,1775,1.0179429064788732,0.7996452,0.4056338028169014,0.030422535211267605
BTBD1,1775,5.56206568715493,5.6148305,1.0,0.9966197183098592
KBTBD3,1775,2.1195650066535214,2.0830636,0.9645070422535211,0.08845070422535212
COMMD4,1775,6.677883676338028,6.734249,1.0,1.0
BTBD8,1775,1.227273729206197,1.1716168,0.6191549295774648,0.012957746478873239
KCTD6,1775,3.2511747793859156,3.232056,0.9949295774647887,0.6309859154929578
UBE2QL1,1775,0.4046187753098591,0.013880983,0.11887323943661972,0.049014084507042255
PRKN,1775,0.4597268718901409,0.28585434,0.13633802816901408,0.0050704225352112674
TRIM37,1775,4.035993079098592,4.0290904,1.0,0.9273239436619718
FBXO6,1775,2.232522743266479,2.2994175,0.828169014084507,0.2563380281690141
INAVA,1775,2.17242471804338,1.73654,0.592112676056338,0.37633802816901407
NEDD8,1775,8.234705631830986,8.2828665,1.0,1.0
TNIP1,1775,5.246175179323944,5.204755,1.0,0.9926760563380281
KLHL24,1775,3.6106649768450705,3.6013517,0.9960563380281691,0.7307042253521127
MED30,1775,4.705511568169014,4.6857886,1.0,0.9769014084507043
KBTBD8,1775,1.6353206425312676,1.4352125,0.652394366197183,0.12281690140845071
MUL1,1775,4.098015589397183,4.1266093,0.9977464788732394,0.956056338028169
UBE3B,1775,4.167543704225352,4.215228,1.0,0.9673239436619718
FBXL17,1775,3.196888364687324,3.2472365,0.9932394366197184,0.6236619718309859
AREL1,1775,4.216653529126761,4.267146,1.0,0.9549295774647887
MED10,1775,5.888703567380281,5.873346,1.0,0.9994366197183099
RAB40B,1775,2.759662212416338,2.7427695,0.956056338028169,0.40056338028169014
PRAMEF6,1775,0.010002143628732394,0.0,0.0016901408450704226,0.0
FBXL14,1775,2.653696525639437,2.6609993,0.9695774647887324,0.3464788732394366
ZFP91,1775,5.0161914571830994,5.0991898,1.0,0.984225352112676
CDC73,1775,4.6561457175211265,4.6940556,1.0,0.9887323943661972
MED11,1775,4.159528917239436,4.19037,1.0,0.9577464788732394
MAGEF1,1775,5.241944009956056,5.269826,0.9988732394366198,0.984225352112676
UBE2S,1775,6.370874573915493,6.4173565,0.9994366197183099,0.9960563380281691
MDM2,1775,5.259384478197183,5.0917296,1.0,0.9954929577464788
RNF182,1775,1.6384968592214084,0.84166324,0.4754929577464789,0.25295774647887326
HECTD3,1775,4.236456545633803,4.273143,1.0,0.96
MARCHF8,1775,3.055414940807324,3.1190574,0.9870422535211267,0.5611267605633803
RNF115,1775,3.3235997377464788,3.342532,0.9994366197183099,0.7143661971830986
LTN1,1775,3.5749390490366193,3.6086674,0.9971830985915493,0.8259154929577465
MKLN1,1775,4.350326934873239,4.376089,1.0,0.9695774647887324
RIGI,1775,2.49958160996169,2.371043,0.8816901408450705,0.30140845070422534
DCAF10,1775,3.6262408868394362,3.6548135,0.9994366197183099,0.8428169014084507
MARCHF9,1775,3.510967502912676,3.5329902,0.9819718309859155,0.7109859154929578
COMMD1,1775,5.022597047323943,5.024488,1.0,0.9960563380281691
ANAPC2,1775,4.541795438011268,4.6244693,0.9994366197183099,0.9577464788732394
UBE2Z,1775,6.023814145971831,6.048853,1.0,0.9994366197183099
ANAPC5,1775,6.684348719549295,6.7061715,1.0,1.0
VDAC2,1775,7.694430634929577,7.677762,1.0,1.0
CDC20,1775,6.534451495076057,6.7249503,0.9988732394366198,0.9825352112676057
TRIM68,1775,2.7679549105030987,2.8539557,0.9622535211267605,0.41295774647887323
MED17,1775,4.409612749126761,4.4407196,1.0,0.9830985915492958
KCTD21,1775,2.2737249248901406,2.2754452,0.967887323943662,0.13971830985915493
BUB3,1775,7.335279212732394,7.407727,1.0,1.0
MKRN3,1775,1.7398083709729577,1.4688022,0.5352112676056338,0.30309859154929575
PEX10,1775,3.709479910535211,3.734417,0.9994366197183099,0.8692957746478873
TRIM44,1775,4.55973155171662,4.6659894,0.9864788732394366,0.9126760563380282
ASB13,1775,3.1390668386,3.1586828,0.9723943661971831,0.5684507042253522
CAND1,1775,6.128354646907042,6.199103,0.9994366197183099,0.9983098591549295
ARK2N,1775,3.695367342197183,3.7043962,0.9988732394366198,0.8585915492957746
TRAF2,1775,4.019349655543662,4.063175,0.9994366197183099,0.9154929577464789
SH3RF3,1775,1.0022608556850703,0.5612284,0.40450704225352113,0.06028169014084507
PRAMEF11,1775,0.008787253259154928,0.0,0.0011267605633802818,0.0
ASB10,1775,0.00513376568056338,0.0,0.0,0.0
GLMN,1775,3.731462396828169,3.7354896,0.9994366197183099,0.8456338028169014
USP36,1775,4.788343326366197,4.7800894,1.0,0.9943661971830986
PEX12,1775,2.6085436457802818,2.6226282,0.9938028169014085,0.25014084507042256
BTBD7,1775,3.4900868739380284,3.4972801,0.9994366197183099,0.7966197183098591
TRIM49C,1775,0.03484972158535211,0.0,0.009014084507042254,0.0011267605633802818
RIPK2,1775,4.032013876837183,4.075661,0.9847887323943662,0.8839436619718309
HSPA1A,1775,4.57390668898986,5.19086,0.8895774647887323,0.7453521126760564
KLHL23,1775,3.508128150039437,3.6021242,0.9487323943661972,0.6867605633802817
RAD18,1775,3.70760866475493,3.777872,0.9971830985915493,0.8090140845070423
SYVN1,1775,4.9316630628732385,4.8606896,1.0,0.9966197183098592
PHF7,1775,2.659200061988732,2.60046,0.9752112676056338,0.323943661971831
FBXO4,1775,3.4466732929870423,3.5111518,0.9785915492957746,0.7211267605633803
BRAP,1775,3.5069256451267603,3.516696,1.0,0.8935211267605634
TRIM17,1775,0.6031916657498592,0.33493662,0.1752112676056338,0.023098591549295774
NDFIP2,1775,5.177613007625353,5.3212137,0.9712676056338028,0.9425352112676056
RNF150,1775,0.9735104268270424,0.37450203,0.363943661971831,0.07943661971830986
WDR24,1775,2.654266466123944,2.6363206,0.9949295774647887,0.2704225352112676
MAGEE1,1775,1.168242479778028,1.1212012,0.540281690140845,0.036619718309859155
SOCS1,1775,1.3936898723391549,1.0169098,0.5036619718309859,0.10422535211267606
ERLIN2,1775,4.807181930929577,4.860143,1.0,0.9774647887323944
ELOB,1775,7.859920528732395,7.871702,1.0,1.0
RNF112,1775,0.6001982134828169,0.27209607,0.17183098591549295,0.03380281690140845
OTUB1,1775,6.043032580676057,6.053235,1.0,1.0
OBSL1,1775,3.943776825202817,4.435255,0.8580281690140845,0.7690140845070422
CDC34,1775,5.074940741915492,5.0766573,1.0,0.9977464788732394
FBXO28,1775,4.208703972901408,4.222024,1.0,0.9684507042253521
BUB1,1775,5.228193667312676,5.3841014,0.9960563380281691,0.9594366197183098
RNF138,1775,4.958657916845071,4.9733543,1.0,0.9769014084507043
FBXO2,1775,2.0039658530647886,1.3377682,0.5864788732394366,0.2704225352112676
MARCHF10,1775,0.31241689473352113,0.08125099,0.08619718309859155,0.010140845070422535
TRIM77,1775,0.0026592550360563377,0.0,0.0,0.0
RC3H2,1775,4.245453140225352,4.303006,1.0,0.96
ZBTB16,1775,0.3448690969295775,0.007049071,0.10704225352112676,0.04056338028169014
IPP,1775,2.985997563650704,3.0600023,0.984225352112676,0.5301408450704226
TRAF3,1775,3.5246665767994365,3.5489175,0.9971830985915493,0.7718309859154929
UBE2W,1775,4.2790397786478875,4.304679,1.0,0.9436619718309859
KLHL1,1775,0.03724586288112676,0.0,0.009577464788732394,0.0028169014084507044
KDM2A,1775,5.1186937283943665,5.0940585,1.0,0.9983098591549295
TRIM55,1775,0.7073698691408451,0.09244561,0.1752112676056338,0.09295774647887324
DTX3,1775,3.3459865874050707,3.7594116,0.819718309859155,0.6512676056338028
PCGF5,1775,4.610076366507042,4.7042856,0.9926760563380281,0.9419718309859155
ASB3,1775,3.7536123289014083,3.7502635,1.0,0.9076056338028169
KLHL41,1775,0.44284805931943666,0.18989539,0.07211267605633803,0.02873239436619718
BTBD10,1775,4.6660676232112674,4.6731043,1.0,0.992112676056338
RNF157,1775,2.0831372215887325,1.9514722,0.6659154929577464,0.31098591549295773
UBE2D1,1775,4.555024869830986,4.5643353,0.9994366197183099,0.9802816901408451
TRIM62,1775,1.9953598469408451,1.9120021,0.9329577464788732,0.09915492957746479
G2E3,1775,4.034399929886198,4.1129503,0.9926760563380281,0.9042253521126761
ASB12,1775,0.12438004328845072,0.03253535,0.009014084507042254,0.0
UBE2K,1775,6.0914903975211265,6.1481814,1.0,0.9994366197183099
KLHL3,1775,0.9474818647002816,0.8161762,0.40788732394366195,0.013521126760563381
DTL,1775,4.5379584072394366,4.7296777,0.9892957746478873,0.9025352112676056
UBE2NL,1775,0.04610338029464789,0.034543946,0.0,0.0
RCHY1,1775,4.930620422309859,4.972371,1.0,0.9830985915492958
RNF185,1775,4.161190101239437,4.15112,1.0,0.9701408450704225
PCGF3,1775,4.593808749183099,4.609146,1.0,0.9853521126760564
PAF1,1775,5.254794372112676,5.2810493,1.0,0.9983098591549295
SIRT2,1775,4.405549483323943,4.4301915,1.0,0.9656338028169014
MAGED1,1775,5.958376967708169,6.220028,0.9622535211267605,0.9425352112676056
TRIM64,1775,0.0035727966197183097,0.0,0.0,0.0
UBE4B,1775,4.2972225229295775,4.3312535,1.0,0.963943661971831
VPS11,1775,3.9511913113239436,3.9893117,1.0,0.9357746478873239
MAGED4,1775,1.6325045665712676,1.1119261,0.5092957746478873,0.2647887323943662
MKRN2,1775,4.618271902647887,4.6632705,1.0,0.9915492957746479
BTBD3,1775,3.954882892848451,4.041331,0.9374647887323944,0.819718309859155
KLHL2,1775,3.806167769753239,3.821945,0.9949295774647887,0.864225352112676
BARD1,1775,3.078569985183098,3.1284914,0.9881690140845071,0.563943661971831
RNF11,1775,5.815033200140845,5.921629,0.9983098591549295,0.9847887323943662
ASB7,1775,3.067174891752112,3.0584152,0.9994366197183099,0.5487323943661971
TRIM64C,1775,9.052275492957745e-05,0.0,0.0,0.0
BTBD16,1775,0.33121695499887327,0.049095407,0.09971830985915493,0.016901408450704224
CUL4B,1775,5.252742695785352,5.197437,0.9994366197183099,0.9943661971830986
BSPRY,1775,1.450023193826479,0.30792508,0.4191549295774648,0.25577464788732396
DUSP22,1775,3.8248091072338024,3.7076905,0.9971830985915493,0.8309859154929577
TRIM22,1775,2.9415612211402817,2.5528197,0.6585915492957747,0.4608450704225352
PELI1,1775,3.226583512749859,3.1526425,0.9774647887323944,0.5504225352112676
COMMD10,1775,4.696247728630985,4.7299933,0.9994366197183099,0.9870422535211267
RNF130,1775,4.702792705864226,5.065361,0.9188732394366197,0.8828169014084507
TRIB1,1775,3.6818968754084507,3.6045814,0.9802816901408451,0.6912676056338029
NACC2,1775,2.6567174508715494,2.848624,0.872112676056338,0.4416901408450704
TRIM72,1775,0.26411594000000005,0.016780123,0.07154929577464789,0.038873239436619716
CISH,1775,1.6524305598878872,1.3807849,0.6456338028169014,0.10591549295774648
TRAF7,1775,5.462402711380283,5.508102,1.0,0.9983098591549295
HAPSTR1,1775,4.406383156642254,4.453116,0.9988732394366198,0.971830985915493
PRAMEF20,1775,0.011694032777464789,0.0,0.0028169014084507044,0.0
RNF148,1775,0.18664502310704226,0.055178992,0.03323943661971831,0.0011267605633802818
RNF227,1775,1.778231850293521,1.7061282,0.8856338028169014,0.04563380281690141
RFPL3,1775,0.09400273018422535,0.038993765,0.0028169014084507044,0.0
SIAH3,1775,0.11536245837408451,0.0,0.03774647887323944,0.004507042253521127
WDR59,1775,4.787084994197183,4.8159237,1.0,0.9802816901408451
HECW1,1775,0.7753850228540844,0.22199336,0.3036619718309859,0.049014084507042255
RNFT2,1775,1.7736751803267605,1.6584995,0.7690140845070422,0.1295774647887324
KLHL17,1775,3.2383061106873243,3.3251517,0.9684507042253521,0.6292957746478873
HIPK2,1775,3.0892041997673236,3.109053,0.9346478873239437,0.532394366197183
NEURL4,1775,4.054330189329577,4.0827537,0.9994366197183099,0.9019718309859155
KCTD17,1775,3.6952147494630982,3.8689928,0.9594366197183098,0.7532394366197183
NACC1,1775,5.065956041239437,5.1447153,1.0,0.9892957746478873
HACE1,1775,2.9684581488056336,2.9744668,0.9915492957746479,0.48619718309859156
UBAC2,1775,5.306601075661972,5.3300276,1.0,0.9954929577464788
ASB17,1775,0.0021115778535211265,0.0,0.0,0.0
COMMD2,1775,5.13101607656338,5.148861,1.0,0.9938028169014085
TRIM58,1775,1.0027413404743661,0.039793953,0.29859154929577464,0.14929577464788732
FBXL19,1775,3.5959549730422533,3.6176512,0.9988732394366198,0.8095774647887324
SPSB3,1775,4.080617738985915,4.0461154,1.0,0.9323943661971831
ABTB3,1775,1.073273814755493,0.49266642,0.4028169014084507,0.09352112676056339
KLHL30,1775,0.2601139663256338,0.0667092,0.07211267605633803,0.0033802816901408453
TRIM32,1775,3.47392967710986,3.5714705,0.9825352112676057,0.8016901408450704
ABTB1,1775,3.38995494659155,3.4008534,0.9892957746478873,0.6580281690140845
UBE3A,1775,5.1332683027042245,5.200689,1.0,0.9938028169014085
KLHDC1,1775,0.9054315753425352,0.8057803,0.39098591549295775,0.0005633802816901409
IFT20,1775,5.191502010422536,5.1919613,1.0,0.9983098591549295
ARRDC1,1775,4.834759828056337,4.770787,1.0,0.9419718309859155
TRIM25,1775,5.139621520492394,5.2535734,0.9943661971830986,0.9729577464788732
MARCHF4,1775,1.1519395951628169,0.22357206,0.363943661971831,0.16788732394366196
PRPF19,1775,6.408842342028168,6.4460807,1.0,1.0
RNF121,1775,4.691892277352113,4.757039,0.9994366197183099,0.9684507042253521
RBCK1,1775,6.23183202,6.175682,1.0,0.9994366197183099
BTBD2,1775,5.057283022028169,5.0914884,1.0,0.9926760563380281
TRIM39,1775,3.225161979887324,3.2290432,1.0,0.691830985915493
RNF228,1775,0.4069871900907042,0.06688276,0.13352112676056338,0.021971830985915493
RNF122,1775,1.924088954348169,1.727267,0.7966197183098591,0.1628169014084507
MARCHF11,1775,0.26937272325971834,0.0,0.061971830985915494,0.036056338028169016
RNF217,1775,2.083980802712676,2.2958934,0.7684507042253521,0.24901408450704227
BTBD19,1775,1.5570177807070422,1.1553477,0.5363380281690141,0.18647887323943663
ASB18,1775,0.030039576387605633,0.0,0.0016901408450704226,0.0
TTC5,1775,3.638730213369014,3.67832,0.9994366197183099,0.8163380281690141
MED7,1775,3.9255293089577465,3.9113753,1.0,0.9543661971830986
MARCHF7,1775,6.247331878591549,6.3187776,1.0,0.9988732394366198
TRIM74,1775,0.2680578703633803,0.13998675,0.05126760563380282,0.0011267605633802818
UBE2L3,1775,5.859790497971832,5.87476,1.0,0.9994366197183099
MARCHF1,1775,1.4842986815622534,1.3367633,0.663661971830986,0.06929577464788732
IRAK1,1775,6.271770353684507,6.321369,0.9988732394366198,0.9949295774647887
RPS6KA5,1775,2.1360046440653524,2.098332,0.8777464788732394,0.1847887323943662
KCTD20,1775,4.902377671661972,4.978347,1.0,0.979718309859155
FBXO44,1775,3.47024094515831,3.6259835,0.9487323943661972,0.7194366197183099
DCAF5,1775,4.195877177633802,4.1972914,1.0,0.9701408450704225
SMURF2,1775,4.1871871466084505,3.9323258,0.9994366197183099,0.8450704225352113
RSPRY1,1775,4.468074341521127,4.480504,1.0,0.9774647887323944
YPEL5,1775,5.55191686828169,5.6026497,1.0,0.9943661971830986
RNF39,1775,0.9983565241290141,0.76059055,0.37014084507042255,0.036619718309859155
SEC16A,1775,5.01839818315493,5.00191,1.0,0.9988732394366198
KBTBD12,1775,0.16213952110084506,0.007151,0.056338028169014086,0.010140845070422535
MYLIP,1775,2.954358118845634,3.012978,0.9509859154929577,0.5047887323943662
MED1,1775,4.169587314732394,4.2006693,0.9994366197183099,0.9498591549295775
PELI3,1775,2.523881606574648,2.5436766,0.9769014084507043,0.26366197183098594
SEH1L,1775,5.155062951098591,5.1494546,1.0,0.9960563380281691
ARMC8,1775,4.7055619418591546,4.7308245,1.0,0.9949295774647887
TRIM43,1775,0.07967732541577466,0.0,0.017464788732394366,0.005633802816901409
NT5C2,1775,5.374058694309858,5.426362,1.0,0.9966197183098592
WSB2,1775,5.328078072523943,5.486135,0.9954929577464788,0.9701408450704225
KLHL12,1775,4.586889727830986,4.5632925,1.0,0.9926760563380281
ZAP70,1775,0.5280335212985915,0.11025231,0.09352112676056339,0.06084507042253521
BTRC,1775,3.0495213899718303,3.0607321,1.0,0.5340845070422535
SIAH1,1775,4.389438934253521,4.3590713,1.0,0.9853521126760564
PRAMEF27,1775,0.009905289945915493,0.0,0.0016901408450704226,0.0005633802816901409
HERPUD1,1775,6.406864055774648,6.3216414,1.0,0.9994366197183099
TRIM36,1775,1.7382033716552114,1.588296,0.6850704225352112,0.14873239436619717
KLHL25,1775,1.8119362771966196,1.7699367,0.8952112676056339,0.05070422535211268
RNF41,1775,4.95188577830986,4.9481616,1.0,0.992112676056338
RNF103,1775,4.071387610084507,4.0578575,1.0,0.9284507042253521
UBR7,1775,4.718722139380281,4.7354574,1.0,0.9808450704225352
BIRC2,1775,5.152856780788732,5.1014442,0.9988732394366198,0.9938028169014085
PCGF2,1775,3.8111422252636618,3.9698412,0.9577464788732394,0.8495774647887324
TRIM47,1775,3.48601086076,3.7838757,0.8856338028169014,0.6647887323943662
RNF216,1775,3.9094425781521127,3.9193783,0.9988732394366198,0.9154929577464789
RNF6,1775,4.782946807830986,4.8253684,1.0,0.9904225352112676
TRIP12,1775,5.867995205678874,5.9890594,0.9988732394366198,0.992112676056338
UBE2A,1775,6.449534276676055,6.4711957,1.0,1.0
CDC42,1775,7.635012710197183,7.6579256,1.0,1.0
SNCAIP,1775,0.6976386107774648,0.15067925,0.2180281690140845,0.06422535211267606
FBXO31,1775,3.5884003661070425,3.603003,0.9994366197183099,0.8354929577464789
MEFV,1775,0.1184065287684507,0.037879787,0.01915492957746479,0.0022535211267605635
TRIML2,1775,0.644720033630986,0.08483849,0.18535211267605634,0.08
TRAF1,1775,1.4467114330529578,1.0567846,0.523943661971831,0.10535211267605633
DCAF15,1775,4.407120699380282,4.406863,1.0,0.9740845070422535
KLHL35,1775,1.062473558692958,0.73199564,0.4084507042253521,0.0647887323943662
FBXO33,1775,3.0173623643430987,2.9962585,0.9983098591549295,0.49690140845070424
RHOBTB2,1775,2.72965708747831,2.6895251,0.971830985915493,0.3616901408450704
