gene_symbol,n_lines_screened,mean_chronos,median_chronos,frac_essential,frac_strongly_essential
ARRDC4,1208,0.04801381778823377,0.046116806107462355,0.0008278145695364238,0.0
TRIM5,1208,0.06256722119818493,0.063341281578513,0.0,0.0
RAB40C,1208,-0.02346772523348361,-0.02140506805942005,0.006622516556291391,0.0
TRIM38,1208,-0.021109086874561377,-0.0188319621888684,0.0016556291390728477,0.0
PPIL2,1208,-1.1466197336013995,-1.1439136454737713,0.9776490066225165,0.7384105960264901
TRIM23,1208,-0.06984857081509861,-0.06301087799897759,0.004966887417218543,0.0
CSNK1D,1208,-0.08621858318251947,-0.0712815053067318,0.020695364238410598,0.0008278145695364238
UBR1,1208,-0.019749250819152527,-0.018225138335559048,0.0041390728476821195,0.0008278145695364238
RNF175,1208,0.044639400664818446,0.041788124568207505,0.0,0.0
ZNRF1,1208,0.1114426858571077,0.1120613810165624,0.0,0.0
AXIN1,1208,0.027683936557916632,0.043995569574315746,0.023178807947019868,0.0008278145695364238
VHL,1208,-0.8089743568617448,-0.8120675461084389,0.7698675496688742,0.34105960264900664
ANAPC16,1208,-0.017454545193836667,-0.0093847584401194,0.0041390728476821195,0.0
CBLC,1208,-0.11713225968670528,-0.11562120299027145,0.006622516556291391,0.0
MAGEB2,1208,0.14853484883208826,0.14587886933119254,0.0,0.0
COMMD8,1208,-0.24721149522861352,-0.23750613608307336,0.11423841059602649,0.0024834437086092716
UBC,382,-0.33428078072306777,-0.3384464982345773,0.3010471204188482,0.05235602094240838
YTHDC1,1208,-0.4806199671474834,-0.4706245352260717,0.4246688741721854,0.014900662251655629
WDR5B,1208,-0.14881614345363117,-0.14165832836864614,0.009105960264900662,0.0
KCTD4,1208,0.07418937428530918,0.07305841583098414,0.0,0.0
KBTBD13,1208,0.03656127434518598,0.03758218384366105,0.0,0.0
FBXO36,1208,-0.15694794716148247,-0.15487712337907994,0.014900662251655629,0.0
RNF10,1208,0.025333377310148838,0.0307029801980985,0.0024834437086092716,0.0
DCUN1D5,1208,-0.006683939426536625,-0.00421599981104845,0.0041390728476821195,0.0
UBE2L5,70,-0.12886236653030245,-0.10958052592460095,0.07142857142857142,0.014285714285714285
KLHL5,1208,0.09920711846280156,0.10046765135766315,0.0008278145695364238,0.0
TRAF5,1208,0.080504121704091,0.081807854582253,0.0008278145695364238,0.0008278145695364238
UBE2D2,1208,0.007004299020451087,0.009229790342554601,0.0033112582781456954,0.0
IVNS1ABP,1208,0.011994149286784389,0.02055357586156245,0.0016556291390728477,0.0
NEURL3,74,0.13025614838982175,0.15376038426894212,0.02702702702702703,0.0
RNF215,1208,-0.03898568593131992,-0.044458757712130204,0.004966887417218543,0.0
DCAF13,77,-2.496522873938131,-2.605811274134779,1.0,1.0
RNF223,1208,-0.1146577758410931,-0.11255056695752849,0.009105960264900662,0.0
DDA1,1208,-0.36563308657366805,-0.34966394062446504,0.21274834437086093,0.009105960264900662
ARIH1,1208,-1.4188695630415933,-1.4129961087419045,0.9801324503311258,0.8733443708609272
CCAR2,1208,-0.014981325924279454,-0.0105386340113171,0.0033112582781456954,0.0
RNF170,1208,-0.014779492398449123,-0.0094176773745328,0.0008278145695364238,0.0
UBE2E2,1208,0.06062068776171531,0.0635384859659584,0.0,0.0
TRIM16,1208,-0.02940987696085791,-0.030835881166136947,0.0033112582781456954,0.0
MAGEL2,77,0.03436105334287639,0.0371497818882152,0.0,0.0
ANAPC13,1208,-0.5987989660655866,-0.5885017773800435,0.6548013245033113,0.061258278145695365
FEM1A,1208,-0.19415687369288348,-0.18296242903424914,0.052152317880794705,0.0008278145695364238
TRIM50,1208,-0.08582927000642605,-0.08531906872909745,0.0033112582781456954,0.0
TSC1,1208,0.027989718750017756,0.029938936368507203,0.09188741721854304,0.005794701986754967
MGRN1,1208,-0.019771541243108755,-0.0001829893310425172,0.014900662251655629,0.0008278145695364238
RNF19A,1208,-0.029188461231371407,-0.0281004771022564,0.0033112582781456954,0.0
LNX2,1208,0.08881497056406161,0.08162443873823035,0.0,0.0
DCAF1,74,-2.025802010939442,-1.9834473902803096,1.0,0.972972972972973
ZSWIM8,1208,-0.19926462896449723,-0.1922726629299277,0.04470198675496689,0.0
RNF225,74,0.25464857508083893,0.25069957060839737,0.0,0.0
AURKA,1208,-1.209496480979796,-1.184886132887006,0.9942052980132451,0.7640728476821192
GAN,1208,-0.059046022134902475,-0.05372708061599115,0.012417218543046357,0.0
NEMF,1208,-0.2476721525901306,-0.23479784269297882,0.09850993377483444,0.0
TRIM48,74,-0.09081300018442418,-0.07858420751864276,0.02702702702702703,0.0
TRIM11,1208,-0.02296530353076775,-0.018195763490561602,0.0074503311258278145,0.0008278145695364238
COMMD7,1208,-0.14441477748863604,-0.1328435981714743,0.012417218543046357,0.0
RBBP6,1208,-0.9964150193750678,-1.0124060725053932,0.9139072847682119,0.5140728476821192
WRAP53,1208,-0.19367278846736297,-0.18965116902480406,0.05380794701986755,0.0008278145695364238
PAQR3,1208,-0.16539775627562242,-0.16295747474470457,0.013245033112582781,0.0
FBXL22,1208,-0.02425912600331221,-0.02613126066069775,0.0,0.0
ZER1,1208,-0.14092790599940005,-0.11826845635208569,0.027317880794701987,0.009933774834437087
BAG6,1208,-0.1491695455802051,-0.14608068035743155,0.03145695364238411,0.0
UBE2F,1208,0.021062265502049343,0.022175379794254248,0.027317880794701987,0.0016556291390728477
UBE2D4,1208,-0.11607954679224311,-0.11329704991984829,0.0016556291390728477,0.0
MIOS,1208,-0.5052175658358253,-0.47318886352088285,0.46357615894039733,0.07119205298013245
BTBD17,1208,-0.17962251264615448,-0.18170017906969443,0.07201986754966887,0.0
PML,1208,0.03114365460396724,0.028752594799035747,0.0008278145695364238,0.0008278145695364238
TRIML1,1208,0.09476514599468693,0.0946077779063096,0.0,0.0
KEAP1,1208,-0.16158623402101607,-0.13783335841661126,0.19370860927152317,0.04718543046357616
APPBP2,1208,-0.014956652427730796,-0.012722954216783901,0.006622516556291391,0.0
KIF12,1208,0.020812617652578625,0.022439418987211,0.0,0.0
HECTD4,74,0.13119674978699908,0.13521129890787636,0.013513513513513514,0.0
FBXO41,1208,-0.14671902779055077,-0.14554680062221254,0.0173841059602649,0.0
FANCL,1208,-0.26032695757510915,-0.2247534049436813,0.11258278145695365,0.009105960264900662
ICAM1,1208,0.051834563908088424,0.049668486132353445,0.0008278145695364238,0.0008278145695364238
FBXW11,1208,-0.478852036916539,-0.4444778526148382,0.451158940397351,0.07036423841059603
CENATAC,1208,-1.3311032252009363,-1.30037427728773,0.9925496688741722,0.8534768211920529
SOCS4,1208,-0.08395103205800156,-0.08842248676109779,0.0041390728476821195,0.0
CDK5RAP3,1208,-0.2380382969052794,-0.22551979649385875,0.09933774834437085,0.0016556291390728477
GID8,1208,-0.1332085891850871,-0.1261138416659173,0.0173841059602649,0.0
MARCHF3,1090,-0.07694685565289446,-0.07810726469643406,0.001834862385321101,0.0
CUL3,1208,-0.5331317628622169,-0.5352254568956524,0.5579470198675497,0.052152317880794705
MAEA,1208,-0.38242757993867893,-0.37062310301790524,0.320364238410596,0.014900662251655629
FBXO24,1208,0.00938586645452034,0.0121407062033645,0.0041390728476821195,0.0
MAGEA6,1047,-0.04601702196339464,-0.0370819601672508,0.007640878701050621,0.0009551098376313276
FBXO27,1208,0.09460545055786178,0.09745169982832125,0.0041390728476821195,0.0
NCCRP1,1208,-0.08714637507040654,-0.08141339849452231,0.009105960264900662,0.0
ELOC,1208,-1.3337870184167424,-1.3141427718459235,0.9942052980132451,0.8336092715231788
ZNF738,70,-0.04631827358267308,-0.0134603730981857,0.04285714285714286,0.0
RAD54L2,1208,-0.16902905853789307,-0.1521033139968747,0.050496688741721855,0.0074503311258278145
RAB40AL,1165,0.036098007618778044,0.0374548926944858,0.0,0.0
CHEK2,1208,0.21951236553845363,0.2021183754514822,0.0,0.0
TRIM13,1208,0.030084756791144796,0.02925276621119485,0.0,0.0
KBTBD2,1208,-0.20024387545199235,-0.17668742498368895,0.06374172185430464,0.0041390728476821195
PCBP2,1208,-1.4707067097122104,-1.4673074831316733,0.9917218543046358,0.8642384105960265
LONRF2,1208,-0.013457613246630048,-0.0096443835886923,0.0041390728476821195,0.0
FBXW10,1165,0.04783974285749367,0.0512981940938452,0.0,0.0
RAB40A,1047,-0.0589419209262138,-0.056463412920648,0.0009551098376313276,0.0
SOCS7,1208,-0.038362004772977396,-0.03762674290072355,0.004966887417218543,0.0
KLHL28,1208,0.06146941080878848,0.057938071731430854,0.0,0.0
WDTC1,1208,-0.2991638894992446,-0.29228091777834087,0.09105960264900662,0.0
ASB8,1208,-0.0997342403450814,-0.09670689291396475,0.0041390728476821195,0.0
FBXL6,1208,-0.20081459575886057,-0.19357616477250095,0.033112582781456956,0.0
BIRC7,1208,0.15762686208254198,0.15824852084519414,0.0,0.0
RNF44,1208,-0.019481906421107364,-0.01672494776125765,0.0074503311258278145,0.0
TRIM54,1208,-0.1951044498166926,-0.1894605215822707,0.030629139072847682,0.0
KLHL4,1208,0.14297103979706427,0.14517031236709627,0.0008278145695364238,0.0
TRIM28,1208,-0.24960238886315605,-0.22664608764339295,0.17963576158940397,0.016556291390728478
SKIC8,1208,-0.7458183882533815,-0.7505233642287892,0.8104304635761589,0.173841059602649
KLHL21,1208,0.0009753104957133544,0.0057841485333511005,0.0033112582781456954,0.0
KLHL15,1208,0.030994867746355945,0.03573171621486225,0.0008278145695364238,0.0
AMBRA1,1208,-0.10990200368206271,-0.1236088722084311,0.1498344370860927,0.0173841059602649
CD83,1208,-0.04998822240946152,-0.04900067364454665,0.0016556291390728477,0.0
SH3BGRL,1208,0.04592811174803334,0.0399958057492163,0.0,0.0
KLHL36,1208,0.12295102597855866,0.12139404024156505,0.0,0.0
NHLRC1,1208,-0.0668223569452647,-0.058392798814029145,0.009933774834437087,0.0
HERC5,1208,0.015683636680664182,0.01780150088531795,0.0008278145695364238,0.0
FBXW7,1208,-0.0054842155872692755,0.01103168737886285,0.04718543046357616,0.004966887417218543
ASB5,1208,0.11977619949051857,0.1200468748214477,0.0008278145695364238,0.0
NEDD4,1208,0.042946571296630986,0.04284597565188725,0.0,0.0
ERCC8,1208,-0.02175848797638671,-0.0230852588177838,0.0024834437086092716,0.0
CBL,1208,0.02591801212491548,0.02437509349333265,0.0016556291390728477,0.0
RNF208,1208,0.04846571328210746,0.0512467870563598,0.0,0.0
CHFR,1208,-0.06963613876816513,-0.0738671309954132,0.0041390728476821195,0.0
RNF26,1208,-0.11796895057307533,-0.11331899297494161,0.01903973509933775,0.0
BABAM2,1208,0.07024170312250147,0.0717991818396576,0.005794701986754967,0.0
LRRC41,1208,-0.06300599541969565,-0.05358789161550725,0.006622516556291391,0.0
FBXL20,1208,-0.001220844597628428,-0.0021410101918302,0.0008278145695364238,0.0
MED8,1208,-1.2743984391537622,-1.2677491984180198,0.9850993377483444,0.8062913907284768
RAG1,1208,-0.05651265050052836,-0.0525611752614045,0.0016556291390728477,0.0
KCTD1,1165,-0.0002559370541683736,-0.001878902991311,0.0,0.0
NOD1,1208,-0.0967283120030013,-0.09335819466116765,0.0016556291390728477,0.0
CDC26,1208,-0.7594041389917846,-0.7428224741033667,0.8692052980132451,0.15728476821192053
HECTD2,1208,-0.00885084270617636,-0.00486289294525705,0.0033112582781456954,0.0
UBR4,1208,-1.1632628737279076,-1.1694464515272625,0.9246688741721855,0.6473509933774835
IRAK4,1208,0.018639584147653588,0.0211025165680623,0.004966887417218543,0.0
FBXO47,1208,-0.134732722874712,-0.13617155266041586,0.029801324503311258,0.0008278145695364238
DET1,1208,-0.29409520423675284,-0.2601184915149617,0.20281456953642385,0.02566225165562914
MARCHF2,1090,0.004562769280092394,0.0018564394739431999,0.0,0.0
RNF144A,1208,0.1773917568280539,0.17542826169939463,0.0,0.0
TRIM31,1208,0.07763354776117747,0.0774472767059651,0.0,0.0
TOPORS,1208,0.01060747085300362,0.01618885685265705,0.0024834437086092716,0.0
RPGR,1208,0.06737895595835788,0.0648595959088009,0.0,0.0
KLHL7,1208,-0.041246734489306186,-0.03213799996672065,0.0074503311258278145,0.0
TRIM56,1208,0.005207150701537934,0.005013953209506599,0.0016556291390728477,0.0
FBXO22,1208,-0.11155001001378996,-0.10756508799474884,0.012417218543046357,0.0008278145695364238
PCGF1,1208,-0.038397190258916726,-0.029005555280615852,0.03145695364238411,0.0016556291390728477
KBTBD7,1165,0.03924677939368389,0.037647653265912,0.0,0.0
EPM2A,1208,-0.0566237197023102,-0.057220805208701,0.004966887417218543,0.0
TNFAIP1,1208,0.011276883120031842,0.01285494856321175,0.0016556291390728477,0.0
UBE2L6,1208,0.005165447073504636,0.006683908340682949,0.0,0.0
UBXN1,1208,-0.041890590830059804,-0.04066930585510375,0.0008278145695364238,0.0
UBE2G2,1208,-0.3269788693792702,-0.27223478026721926,0.19950331125827814,0.028973509933774833
FBXO38,1208,0.058868856229901755,0.058881722017985194,0.0,0.0
RNF126,1208,-0.0324514274540164,-0.0265096440123507,0.01076158940397351,0.0
TTC3,1208,0.05200552766099922,0.05774192292161155,0.0,0.0
SMURF1,1208,-0.13418421780700132,-0.1215844906449656,0.01903973509933775,0.0
WSB1,1208,-0.043449707562992115,-0.029118088652116,0.0173841059602649,0.0024834437086092716
AMFR,1208,-0.16802104885561955,-0.16261373776073434,0.052980132450331126,0.0016556291390728477
GNL3L,1208,-0.853208567976817,-0.8413714194546775,0.9048013245033113,0.2731788079470199
PELI2,1208,-0.013897864695702585,-0.0156679854904579,0.0008278145695364238,0.0
PRAME,1208,0.02124623871160805,0.020794428280483848,0.0008278145695364238,0.0
LEO1,1208,-0.21259738255962246,-0.20389917699614674,0.07698675496688742,0.0024834437086092716
NOD2,1208,0.1064273620965792,0.1028776441517801,0.0,0.0
RNF38,1208,-0.03567755892395537,-0.0284631358970476,0.0024834437086092716,0.0
RNF19B,1208,-0.02278957900835195,-0.02397242732231135,0.0016556291390728477,0.0
HINT1,1208,0.07694429941348988,0.0760562228455999,0.0,0.0
TBL1Y,383,0.5222223317713715,0.511590010628836,0.0,0.0
KLHL42,1208,-0.08353326543306414,-0.0776053059222923,0.0041390728476821195,0.0
KLHL18,1208,0.042122038480559405,0.0456650115302666,0.0016556291390728477,0.0
KCTD2,1208,-0.1908195349225242,-0.18807261673179304,0.03394039735099338,0.0008278145695364238
TOMM6,1208,-0.1556012871983619,-0.14987525480326702,0.018211920529801324,0.0016556291390728477
MIB2,1208,-0.11900762998262403,-0.114657068713819,0.009933774834437087,0.0
RNF168,1208,-0.5406784775712687,-0.5015654829416375,0.5008278145695364,0.08940397350993377
FBXW10B,1047,-0.07945342357758008,-0.0767406805039454,0.004775549188156638,0.0
GMCL2,70,0.3443546192241288,0.33943584502491186,0.0,0.0
TRIM59,1208,0.11059987154175636,0.11351158444610521,0.0008278145695364238,0.0
SOCS3,1208,-0.1902616374478147,-0.1341386583959408,0.12003311258278146,0.018211920529801324
STYX,1208,-0.0016345888355164821,0.00440365211274965,0.004966887417218543,0.0
ARK2C,1208,0.09316772759851459,0.08943004056950304,0.0016556291390728477,0.0
ZBTB20,1208,0.10618558183795414,0.10807511310888471,0.0008278145695364238,0.0
ITCH,1208,0.01930343199497243,0.0245353724930862,0.005794701986754967,0.0
RNF8,1208,-0.4996491927930123,-0.4776308177317093,0.4652317880794702,0.04056291390728477
FBXO10,1208,0.02643219760654822,0.0279702918937329,0.0,0.0
UBE2O,1208,-0.3259513804795945,-0.31755020926281435,0.1216887417218543,0.0041390728476821195
FBXO30,1208,0.12476274070770428,0.1230051864247021,0.0,0.0
SUV39H2,1208,-0.005127929675579812,-0.00186618584428665,0.0016556291390728477,0.0
PTAR1,1208,-0.3328766989833991,-0.2939628382392374,0.2433774834437086,0.027317880794701987
WDSUB1,1208,-0.0018052631714385405,0.00592965656394285,0.0024834437086092716,0.0
LRRC75A,1208,-0.10589691118699375,-0.1042814235235434,0.0074503311258278145,0.0
TRIM41,1208,-0.043325616084804945,-0.03222747768456034,0.0033112582781456954,0.0008278145695364238
PRAMEF12,1208,-0.12344386667453275,-0.11444069298456935,0.014072847682119206,0.0
PCGF6,1208,-0.1697648366385079,-0.16716530515415118,0.014072847682119206,0.0
RNF166,1208,0.01751053378422729,0.013490173401154399,0.0041390728476821195,0.0
UBA7,1208,-0.09705590028107103,-0.09840288043086051,0.0024834437086092716,0.0
NEURL1B,1208,-0.00933003239517212,-0.00698526871696445,0.0024834437086092716,0.0
JADE2,1208,-0.0054542620695577386,0.0101961911124771,0.009933774834437087,0.0
CCAR1,1208,-0.7510803180534483,-0.7409281140906954,0.7731788079470199,0.20943708609271522
SPOPL,1208,-0.06854487263154138,-0.06528020039641885,0.0033112582781456954,0.0
SH3RF1,1208,0.08505753026957845,0.08514081415279551,0.0,0.0
SENP6,1208,-1.188236756918912,-1.1765918202940477,0.9793046357615894,0.6978476821192053
MKRN1,1208,-0.30760822470208776,-0.2987261379135956,0.10347682119205298,0.0
HERC4,1208,0.0031516930543655152,0.011692999595188651,0.0033112582781456954,0.0
SIRT7,1208,-0.1269108559376999,-0.12921550657610287,0.0347682119205298,0.0008278145695364238
MDM4,1208,-0.15729994678412884,-0.06257688362063296,0.11754966887417219,0.03559602649006623
BTBD9,1208,-0.1752222992781243,-0.1683615059748024,0.0347682119205298,0.0
TRIM27,1208,0.03546416389309818,0.03549260957510795,0.0024834437086092716,0.0
TRIM4,1208,-0.03128948257018087,-0.028535442266576,0.013245033112582781,0.0
SPSB1,1208,-0.01620408461641698,-0.0126285289885753,0.0024834437086092716,0.0
DCAF6,1208,-0.27037198312489885,-0.2630091742446783,0.0695364238410596,0.0
FBXO9,1208,-0.11652480552662262,-0.11741001109687345,0.0024834437086092716,0.0
COMMD9,1208,-0.09416384818679668,-0.08181307651774244,0.006622516556291391,0.0
PHF12,1208,-0.5603132444538808,-0.5476897888986987,0.5596026490066225,0.08774834437086093
UBE2N,1208,-1.1852883059427077,-1.1821151477523166,0.9039735099337748,0.652317880794702
RNF125,1208,0.03673923581679765,0.035413960377940354,0.0008278145695364238,0.0
TSPAN17,1208,-0.03494213767736254,-0.0286888901315771,0.0074503311258278145,0.0
TRIM14,1208,-0.11095383803409416,-0.11055507363742605,0.0041390728476821195,0.0
RNF149,1208,-0.031513731397356304,-0.0386850418319235,0.004966887417218543,0.0
CUL1,1208,-0.7984632795999407,-0.7830834517878769,0.8485099337748344,0.21937086092715233
PIN1,1208,-0.03876931911116444,-0.03808132588690975,0.0041390728476821195,0.0
SKP1,1208,-1.2813074867452217,-1.281363056764934,0.9942052980132451,0.8584437086092715
TRIM60,1208,0.0660519171217735,0.0650192559853578,0.0,0.0
PCMTD1,1208,-0.114220126389205,-0.10631076069933645,0.027317880794701987,0.0
ANAPC10,1208,-1.1852187121364133,-1.1926928363219385,0.9817880794701986,0.8509933774834437
UBE2J1,1208,0.0037453293269606694,0.0193239246534022,0.01076158940397351,0.0
KLHL8,1208,0.15545623304534217,0.16018920117396152,0.0008278145695364238,0.0008278145695364238
TMEM129,1208,-0.02402596059565569,-0.02306948020241345,0.0033112582781456954,0.0
CDKN2A,1208,0.15969203791238787,0.15377047744492317,0.0024834437086092716,0.0
DCAF8,1208,-0.06867056946609917,-0.0639868953122794,0.011589403973509934,0.0
KLHL13,1208,0.0208413831592992,0.026384909491155302,0.0016556291390728477,0.0
KDM2B,1208,-0.04038342350730581,-0.046077205441298896,0.005794701986754967,0.0008278145695364238
DCUN1D1,1208,-0.05773197847896691,-0.049400016661455,0.0074503311258278145,0.0
CDK5,1208,-0.08425251687248698,-0.0764417336187259,0.006622516556291391,0.0
MID1,1208,0.15980147581095475,0.15253195692441116,0.0,0.0
FEM1B,1208,-0.12255414527348737,-0.1162076583787134,0.0173841059602649,0.0008278145695364238
RNF214,1208,-0.06428189180212968,-0.0637569857899003,0.0041390728476821195,0.0
DCAF11,1208,-0.0007394680224572358,-0.0005215568784342,0.0016556291390728477,0.0
RC3H1,1208,-0.16191965892819235,-0.1642553747403075,0.046357615894039736,0.0
MID2,1208,-0.07369181165702947,-0.07026378572149815,0.0033112582781456954,0.0
ZYG11A,1208,-0.018445134197337138,-0.02005780428177635,0.0,0.0
CUL2,1208,-0.6199446899584895,-0.6098023442681894,0.6399006622516556,0.1216887417218543
CUL9,1208,-0.15968354521726552,-0.15622060916306407,0.01903973509933775,0.0
ARIH2,1208,0.04810122505381485,0.041974755094249,0.013245033112582781,0.0008278145695364238
KCMF1,1208,-0.7998952809508393,-0.7890162010206403,0.8286423841059603,0.23758278145695363
ANAPC7,1208,-0.17867468312712856,-0.17043609284938,0.043874172185430466,0.0
ZNRF2,1208,0.02298831872171864,0.02200520192032225,0.0041390728476821195,0.0
CNOT4,1208,-0.039335121785539,-0.028769054981692348,0.0347682119205298,0.0008278145695364238
TOMM22,1208,-1.2458668843572214,-1.2338251464182903,0.9917218543046358,0.8269867549668874
RNF167,1208,0.08800515860649002,0.08237873613812094,0.0,0.0
MSL1,1208,-0.3653911984071347,-0.3586611574895246,0.26490066225165565,0.009105960264900662
ARMC5,1208,-0.3959709917234694,-0.34805329815062624,0.29304635761589404,0.05132450331125828
MAP3K1,1208,-0.10283607577419608,-0.10233751560931564,0.0074503311258278145,0.0008278145695364238
PRAMEF1,1047,0.007330575864339622,0.0118704664666792,0.0038204393505253103,0.0
FBXW12,1208,-0.18133931327953423,-0.17351224766816437,0.022350993377483443,0.0
UBE2V1,1208,-0.5119499960879942,-0.5086612087022906,0.5149006622516556,0.019867549668874173
RNF146,1208,0.0595406301994758,0.0588456644770113,0.0173841059602649,0.0016556291390728477
FBXO11,1208,-0.19589214338594815,-0.15867815605897484,0.15314569536423842,0.014072847682119206
FBXO32,1208,0.11694880562021978,0.1163514806935345,0.0,0.0
TRIM71,1208,-0.0737200102847603,-0.0645688432716463,0.012417218543046357,0.0008278145695364238
ZYG11B,1208,-0.16872277984242046,-0.16504078751168916,0.02152317880794702,0.0
FBXL12,1208,-0.10557070106440927,-0.0945813832583997,0.023178807947019868,0.0008278145695364238
LMBR1L,1208,-0.14751393945081542,-0.14852713913433963,0.009105960264900662,0.0
FBXL18,1208,-0.1485715029000109,-0.13378119801857846,0.029801324503311258,0.004966887417218543
FBXO46,1208,-0.01887564078105841,-0.0118266292471303,0.0033112582781456954,0.0
DTX4,1208,-0.009291973769727901,-0.0104612480565466,0.0,0.0
RNF114,1208,-0.033366775370548954,-0.02998632366770755,0.0024834437086092716,0.0
TRPC4AP,1208,0.03501582704884189,0.0438375874571693,0.0041390728476821195,0.0
TRIM7,1208,0.0854072292781805,0.08467038717995876,0.0033112582781456954,0.0008278145695364238
CTR9,1208,-0.8729383540856565,-0.8596049525030365,0.9263245033112583,0.2955298013245033
RNF5,1207,-0.10287397723495835,-0.0906426118833058,0.006628003314001657,0.0
TRAIP,1208,-0.8282101379703306,-0.8152641789021617,0.8170529801324503,0.2955298013245033
SH3RF2,1208,-0.11830818293120085,-0.12217634116197305,0.0041390728476821195,0.0
CDC23,1208,-2.2292769796578527,-2.233199378481644,1.0,0.9958609271523179
RNF181,1208,-0.2691484461239742,-0.26023036221457474,0.08857615894039735,0.0
UBE2C,1208,-0.6701514881919802,-0.6523160469986342,0.7044701986754967,0.1316225165562914
STUB1,1208,-0.23358960530948802,-0.22038303982024726,0.08112582781456953,0.0016556291390728477
UBR3,1208,-0.04543478878526056,-0.042140947022778055,0.004966887417218543,0.0
ASB2,1208,0.12370460351135018,0.11876702582479651,0.0,0.0
MAPK14,1208,-0.18234846189940215,-0.1513403831325966,0.0902317880794702,0.008278145695364239
UBE2B,1208,0.04917516388907246,0.055697826027526,0.0,0.0
CBLL2,1208,0.017684852526230446,0.0191201326951951,0.0,0.0
WWP2,1208,-0.1007748923448834,-0.09409372130010515,0.004966887417218543,0.0
TRIM15,1208,0.01593033681158923,0.0186879005145894,0.0016556291390728477,0.0
HERC6,1208,0.03241711992277721,0.025268968676251502,0.0016556291390728477,0.0
UHRF2,1208,-0.010006143045865777,-0.00810447370302575,0.0,0.0
SMAD7,1208,-0.10455060477524827,-0.0621313182018717,0.048013245033112585,0.01076158940397351
RNF20,1208,-0.7334622767192078,-0.7208609029612998,0.8725165562913907,0.11920529801324503
RNF220,1208,0.0029876060468864885,0.00694361931566545,0.0024834437086092716,0.0
MAGEB18,1208,0.0380826337304883,0.04045780188707305,0.0,0.0
ASB9,1208,0.061779325518343274,0.0609216237142259,0.0008278145695364238,0.0
UBE2Q1,1208,-0.2826090747479778,-0.2453472305838175,0.1564569536423841,0.019867549668874173
RNF133,1208,0.035543037972297194,0.036848297973681846,0.0,0.0
CCNF,1208,-0.08562244496527281,-0.062013105235844995,0.06291390728476821,0.0041390728476821195
TRIM49D1,1090,-0.11045216334843244,-0.10033949339386455,0.015596330275229359,0.0
LRSAM1,1208,0.004873088758045613,0.00975879655739325,0.0,0.0
ZNRF4,1208,0.04265073431383866,0.04861993065041075,0.0008278145695364238,0.0
MED21,1208,-0.687880308725949,-0.6789548275863677,0.8336092715231788,0.07533112582781457
GID4,1208,-0.1665413777175766,-0.1622500479700679,0.009105960264900662,0.0
CCNB1IP1,1208,-0.2604483063792387,-0.25043321001220953,0.06870860927152318,0.0
RMND5A,1208,-0.4147914850549827,-0.3837197660880135,0.3170529801324503,0.0347682119205298
CCDC22,1208,-0.23777310151501205,-0.20304193180702357,0.10927152317880795,0.009933774834437087
NSMCE3,1208,-0.9487954240585458,-0.9353113550100202,0.9072847682119205,0.4105960264900662
TRIM8,1208,-0.036363691326688694,-0.0186486154451866,0.01903973509933775,0.004966887417218543
PDCD6,1208,-0.36831699775451626,-0.3493375874013401,0.23344370860927152,0.009105960264900662
FBXL3,1208,-0.018727943278525613,-0.01599808239764395,0.0016556291390728477,0.0
FBXO34,1208,0.022503541520543794,0.02365569255249625,0.0008278145695364238,0.0
KCTD5,1208,-0.056244151330086166,-0.06869023674175964,0.06788079470198675,0.0173841059602649
KCTD19,1208,-0.0032767167506790747,-0.0008733009269475999,0.0,0.0
RFFL,1208,-0.24503931945370602,-0.23656926126852373,0.07201986754966887,0.0
KCTD12,1208,0.05435453976416653,0.05043260880837375,0.0,0.0
FBXO7,1208,-0.14552881462568532,-0.10356914615917401,0.07367549668874172,0.009933774834437087
TRAF3IP2,1208,0.07173278982639182,0.0701396532919144,0.0,0.0
FBXO8,1208,0.1547316379630894,0.15929000889888,0.0016556291390728477,0.0
FBXL2,1208,-0.029366232806726875,-0.0247279694838742,0.0016556291390728477,0.0
TRIM65,1208,-0.1265330600544018,-0.12744142599864317,0.0033112582781456954,0.0
UBE2V2,1208,-0.14777003124612173,-0.14952395028900034,0.012417218543046357,0.0
RNF141,1208,0.012240900502898553,0.011926715202187299,0.0,0.0
RNF25,1208,-0.17394917234985457,-0.12506438871941344,0.076158940397351,0.008278145695364239
ZBTB46,1208,0.03682744228227431,0.03827350380657045,0.0,0.0
TRAF4,1208,-0.1831409592520696,-0.1772720489532995,0.03394039735099338,0.0008278145695364238
RNF152,1208,-0.05836360589097782,-0.0514268901334674,0.0033112582781456954,0.0
TBL1XR1,1208,-0.37116100546164216,-0.32895237473768474,0.3079470198675497,0.054635761589403975
UBE2R2,1208,-0.041556950214474975,-0.033938900754058005,0.022350993377483443,0.0016556291390728477
PDZRN3,1208,0.003915011715852719,0.00612456204722445,0.0008278145695364238,0.0
RFPL4B,1208,-0.012980624165959473,-0.0127289737135133,0.0008278145695364238,0.0
COMMD3,1208,-0.1994965656459785,-0.173813257483603,0.0728476821192053,0.0016556291390728477
FBXO45,1208,0.0383670038943939,0.03949298910741105,0.0008278145695364238,0.0
UBE2M,1208,-1.6225832600260561,-1.6207604042780124,0.9685430463576159,0.8725165562913907
ZNRF3,1208,-0.011055109377541616,-0.0136946501015115,0.0016556291390728477,0.0
SOCS2,1208,0.0007108695546291001,0.00644808723753115,0.0008278145695364238,0.0
DTX1,1208,-0.03586633898364096,-0.03626584985785335,0.0,0.0
BIRC3,1208,0.04678370866777255,0.046591250948781554,0.0024834437086092716,0.0
FBXO39,1208,0.04595033358559692,0.04793775207993235,0.0,0.0
UBE3C,1208,-0.01996114106181902,-0.01840532923535535,0.0,0.0
MARCHF5,1090,-0.43687550977836076,-0.3194289843971264,0.3440366972477064,0.11192660550458716
PRAMEF17,74,0.04899763616267807,0.040055076809523346,0.0,0.0
DAW1,1208,0.05689370385980019,0.05784395252315925,0.0,0.0
CRBN,1208,0.042081823836726456,0.0393590549277919,0.0016556291390728477,0.0
TRIM52,1208,-0.024953940056626683,-0.01953861757777725,0.0033112582781456954,0.0
TRIM3,1208,0.09476036062142594,0.09782611893207875,0.0008278145695364238,0.0
FBXO25,1208,0.012945919203327284,0.01931919456130795,0.0033112582781456954,0.0
HECTD1,1208,-0.40638870326099963,-0.3900812222762787,0.34519867549668876,0.037251655629139076
SPSB2,1208,0.02410497092977497,0.0209213004321372,0.0,0.0
HECW2,1208,0.04537609337459669,0.0430255235501691,0.0,0.0
MED6,1208,-1.4607092007284888,-1.4601779525440253,0.9875827814569537,0.9478476821192053
ASB15,1208,0.17684465912526526,0.1709469577229903,0.0,0.0
TRIM61,1208,-0.34051156759348955,-0.3321357852985011,0.17549668874172186,0.0016556291390728477
KLHL22,1208,-0.10078942271960613,-0.0936507577383032,0.0033112582781456954,0.0008278145695364238
NFX1,1208,-0.00793519755788942,-0.005472509639540201,0.0016556291390728477,0.0
SIAH2,1208,0.05403087241214684,0.058936150820633346,0.0016556291390728477,0.0008278145695364238
PPP1R11,1208,-0.9591165832418659,-0.9456621333483561,0.9213576158940397,0.43460264900662254
CBLL1,1208,-0.3870564442835373,-0.3836241711157481,0.30960264900662254,0.014900662251655629
ISG15,1208,-0.053754983995077193,-0.0335641805850187,0.022350993377483443,0.006622516556291391
MED31,1208,-0.9581146521863938,-0.9485654802311622,0.9586092715231788,0.40894039735099336
FBXO15,1208,0.06281457722000935,0.0625167780791843,0.0008278145695364238,0.0
RMND5B,1208,-0.007734542889301197,-0.00987414124603465,0.0,0.0
FBXO17,1208,0.016369846960103622,0.01685127548435935,0.004966887417218543,0.0
COMMD5,1208,-0.1926940117814916,-0.1815140670963165,0.030629139072847682,0.0
PTK2,1208,-0.602097889448357,-0.5354469450734802,0.5248344370860927,0.173841059602649
RNF7,1208,0.03540198219452471,0.035484613430131,0.012417218543046357,0.0
GABARAP,1208,-0.1591098854480344,-0.14746447704931503,0.02566225165562914,0.0
NEURL1,1208,-0.008098493724258275,-0.01340819915045355,0.0033112582781456954,0.0
TAX1BP1,1208,-0.04124823882284486,-0.02535062184349615,0.016556291390728478,0.0016556291390728477
UBOX5,1208,-0.016387346117488114,-0.0084999524291118,0.006622516556291391,0.0
KCTD14,1208,-0.04231322690553094,-0.0401701869218292,0.0016556291390728477,0.0
KLHL29,1208,0.07107787340344804,0.0684237155337695,0.0,0.0
ASB6,1208,-0.2624750150294241,-0.2570242790770457,0.057947019867549666,0.0008278145695364238
VCP,1208,-2.625575388698835,-2.6712190771053113,1.0,0.9966887417218543
LZTR1,1208,0.001918919547369559,-0.0068149663905460005,0.008278145695364239,0.0008278145695364238
UBR2,1208,-0.17868669191840944,-0.1770025182717136,0.02566225165562914,0.0
NDFIP1,1208,0.02832771781112347,0.0255828291605089,0.0,0.0
MARCHF6,1090,-0.2138375803372463,-0.1927455677624775,0.07889908256880734,0.001834862385321101
NHLRC3,1208,-0.06031863316803179,-0.061310359993899846,0.01076158940397351,0.0
TOMM20,1208,-0.8069231975725142,-0.7975986562691726,0.8700331125827815,0.23344370860927152
RLIM,1208,-0.02773410297197862,-0.02937075653583595,0.004966887417218543,0.0
BMI1,1208,0.059123537680288774,0.0750260248479341,0.014072847682119206,0.0024834437086092716
PRAMEF2,1090,0.027613775720682084,0.0301612025447157,0.0,0.0
IRF2BP1,1208,-0.13199306204619987,-0.12784322535502457,0.014900662251655629,0.0
MEX3C,1208,0.03059706292473944,0.0283433510980773,0.0,0.0
PCMTD2,1208,-0.1275640996039423,-0.1245915006685962,0.016556291390728478,0.0
BTBD6,1208,-0.03956975345442447,-0.03083926173985045,0.013245033112582781,0.0
SPHK1,1208,-0.07752050541938371,-0.0813989716034451,0.0033112582781456954,0.0
WDR26,1208,-0.5206425543141912,-0.4898241558202126,0.48923841059602646,0.0802980132450331
RNF113A,1208,-1.0114571366629408,-0.9808327610150879,0.9652317880794702,0.48013245033112584
FBXO43,1208,-0.11153256896879199,-0.10560502762741705,0.03145695364238411,0.0008278145695364238
RNF183,1208,-0.010391356042346183,-0.01078258712580925,0.0,0.0
KCTD15,1208,-0.016689874621730376,-0.0138028982880551,0.0016556291390728477,0.0
FBXO21,1208,-0.11950617928866326,-0.11700543879178579,0.0033112582781456954,0.0
DCAF4,1208,-0.1604898433618606,-0.1552946889439149,0.019867549668874173,0.0
RFPL2,1208,-0.0033494603062485975,0.00452426505053985,0.005794701986754967,0.0
MAGEC2,1208,0.04499654918636379,0.0479500999047631,0.0008278145695364238,0.0
N4BP1,1208,0.05419824045096044,0.0543929677576244,0.0008278145695364238,0.0
UBE4A,1208,0.11169270283418554,0.1112630173021283,0.0008278145695364238,0.0
ANAPC1,1208,-1.4664302340533995,-1.449464598962289,0.9950331125827815,0.9503311258278145
FBXL15,1208,-0.07750003055248417,-0.08591991684877315,0.0,0.0
RABGEF1,383,-0.19460806434097844,-0.1653202744452154,0.10182767624020887,0.0026109660574412533
FBXO40,1208,-0.016547038557308075,-0.0138132553879436,0.0,0.0
TRIM69,1208,0.0016421521640419498,0.00146232715495495,0.0,0.0
TRIM24,1208,0.08358843073784429,0.0852161364972653,0.0016556291390728477,0.0
PATZ1,1208,-0.13291819368251903,-0.123194966097083,0.012417218543046357,0.0
MIB1,1208,-0.22237164595979936,-0.16547354062482938,0.15562913907284767,0.027317880794701987
ENTREP1,1208,-0.07003186793889697,-0.06368656110374141,0.0008278145695364238,0.0
SPOP,1208,-0.07727365709209556,-0.0644213779300808,0.011589403973509934,0.0008278145695364238
UBAC1,1208,0.05109731139653273,0.0484509275980503,0.0008278145695364238,0.0
SHARPIN,1208,-0.1535992241556387,-0.14352918112742863,0.03642384105960265,0.0
ECT2L,1208,-0.21408607076860456,-0.20954451693816678,0.024006622516556293,0.0
KLHL9,1208,0.10255096538663051,0.09774059733458525,0.0008278145695364238,0.0
PRAMEF4,1090,0.17220256862928282,0.16968087378687075,0.0,0.0
AKTIP,1208,-0.22564900523985174,-0.21798058351364125,0.054635761589403975,0.0008278145695364238
KCTD7,1208,-0.0367709212327603,-0.0309698397688929,0.0033112582781456954,0.0008278145695364238
RANBP10,1208,-0.15886372455626757,-0.159059092622785,0.013245033112582781,0.0
FBXO3,1208,-0.12975293064030347,-0.1195097302842219,0.013245033112582781,0.0008278145695364238
RNF212B,1208,-0.23057360747883193,-0.22344315002308074,0.048013245033112585,0.0024834437086092716
RFPL1,1208,-0.02272523965024278,-0.0178843011736378,0.0016556291390728477,0.0
RNF135,1208,-0.02933462243509485,-0.0316474650672338,0.006622516556291391,0.0
DCAF12,1208,-0.02878052844344262,-0.0265274240485512,0.008278145695364239,0.0
COMMD6,1208,-0.17609539850557585,-0.1674329362240802,0.014900662251655629,0.0016556291390728477
ASB11,1208,0.22212618406688436,0.2239929125645957,0.0,0.0
KCTD3,1208,0.15309300562607855,0.1514553263270294,0.0008278145695364238,0.0
KLHL40,1208,-0.14436247850262016,-0.1358772611558425,0.011589403973509934,0.0
CAND2,1208,-0.06730710978498325,-0.06000121976646345,0.004966887417218543,0.0008278145695364238
DAZAP2,1208,-0.08902396153714577,-0.08097357496332275,0.006622516556291391,0.0
FBXW4,1208,-0.0773918082082649,-0.07330715109264785,0.009105960264900662,0.0
RABGGTB,1208,-1.5174553580043495,-1.5069615879072404,0.9892384105960265,0.9081125827814569
CUL4A,1208,-0.03781773771418019,-0.03241776908297875,0.011589403973509934,0.0024834437086092716
DDB1,1208,-2.1009838257575977,-2.1069090797016585,1.0,0.9917218543046358
SOCS5,1208,-0.2312863246327612,-0.22136311243760082,0.06705298013245033,0.0
ABL1,1208,-0.027580957237029708,-0.0126854687121672,0.011589403973509934,0.005794701986754967
TULP4,1208,-0.050942865996822594,-0.032971020485253,0.012417218543046357,0.0008278145695364238
PJA2,1208,0.054632879042680486,0.055796225573678304,0.0016556291390728477,0.0
SEC13,1208,-1.6216032497424533,-1.6086263573159618,0.9966887417218543,0.9793046357615894
CLU,1208,0.026985464459388552,0.0288965771509669,0.0,0.0
SKP2,1208,-0.7489721062128921,-0.6635788485421797,0.6887417218543046,0.22102649006622516
RNF4,1208,-0.6576528532779721,-0.6163503719395789,0.6332781456953642,0.1630794701986755
FBXL7,1208,0.08007278449744491,0.08494686420994685,0.0016556291390728477,0.0
HDAC6,1208,0.028038763545923353,0.0293387602915434,0.0,0.0
PRAMEF19,381,0.13744222615101265,0.1443577074509453,0.0,0.0
ANKRD9,1208,-0.019599058672260965,-0.0172709112170004,0.0033112582781456954,0.0
ASB14,1208,0.03622478915031468,0.0357339088129432,0.0,0.0
KCTD11,1208,-0.08517451712722203,-0.08170494195477526,0.0008278145695364238,0.0
TRIM42,1208,0.05255549511917587,0.052849876781869545,0.0,0.0
RANBP9,1208,-0.13719981227597688,-0.12787903548559149,0.03890728476821192,0.0
ANAPC11,1208,-1.7475466289110007,-1.7513355852394352,0.9966887417218543,0.945364238410596
TRIM34,1208,0.18557658296498616,0.1895883311028683,0.0,0.0
DCAF7,74,-0.7802052249166377,-0.6708906106263912,0.6621621621621622,0.32432432432432434
TRIM2,1208,0.05977108491410572,0.06092303194489595,0.0008278145695364238,0.0
PTK2B,1208,0.11675391532551432,0.11396884355600065,0.0,0.0
LRR1,1208,-2.462529984132231,-2.4669137862344943,1.0,0.9975165562913907
UBE2H,1208,-0.47974017927486684,-0.44414203489065596,0.4147350993377483,0.0695364238410596
TRAF6,1208,-0.11022113774773744,-0.09320465542464634,0.03228476821192053,0.0008278145695364238
ASB16,1208,-0.14041933968121034,-0.13442606763614326,0.013245033112582781,0.0
RING1,1208,-0.17482790736104153,-0.16336455092009344,0.033112582781456956,0.0033112582781456954
RNF187,77,0.14504469460294822,0.1421105879703272,0.0,0.0
FBXL13,1208,0.03264843795645104,0.0328877910206386,0.0016556291390728477,0.0
CUL5,1208,0.1995011889016383,0.20142114900793529,0.0008278145695364238,0.0
NSMCE1,1208,-0.5656229334331727,-0.5569504795408247,0.6034768211920529,0.052980132450331126
UBE2E1,1208,-0.007236575899597677,-0.0105600425755491,0.0033112582781456954,0.0
FBXL4,1208,-0.02329338244734528,-0.01297601693074585,0.005794701986754967,0.0
TBL1X,1208,0.09833890828174989,0.10339695537675234,0.0016556291390728477,0.0
PRAMEF14,1046,-0.07459627830446987,-0.0714295529665983,0.011472275334608031,0.0
NF2,1208,0.2586694510755097,0.21292462023884173,0.037251655629139076,0.004966887417218543
DDB2,1208,-0.07727428744563682,-0.07647617563040895,0.004966887417218543,0.0
RNF31,1208,-0.18112071959058956,-0.1467447233728375,0.10596026490066225,0.009933774834437087
RNF128,1208,-0.00096605359202325,-0.0001540110254724,0.0016556291390728477,0.0
WWP1,1208,-0.04651786997055114,-0.04742868953156655,0.0033112582781456954,0.0
ASB1,1208,0.05980071684850672,0.05304786160500795,0.0033112582781456954,0.0
FBH1,1208,0.002254169519910177,-0.0015841251896326499,0.0016556291390728477,0.0
USP5,1208,-1.2556664652255947,-1.2613282194456423,0.9817880794701986,0.8327814569536424
DCST1,1208,-0.09003015365007923,-0.0901216306192539,0.0074503311258278145,0.0
ANAPC4,1208,-1.056757973203133,-1.0352181341479243,0.9677152317880795,0.5579470198675497
UBE2T,1208,-0.22831210400966934,-0.1885806748778223,0.09105960264900662,0.0074503311258278145
ZBTB8A,1208,-0.08265368152989198,-0.0761068010093229,0.0024834437086092716,0.0
RNF145,383,0.18377506608455746,0.1869643713555719,0.0,0.0
E4F1,1208,-0.4679848655409433,-0.45790555342754613,0.41804635761589404,0.0173841059602649
PEX2,1208,-0.06940853783835449,-0.041164279589764305,0.029801324503311258,0.0
BFAR,1208,-0.018770415561840705,-0.02462968149189075,0.0008278145695364238,0.0
DZIP3,1208,0.017811259744751277,0.01979575157561175,0.0016556291390728477,0.0
SPSB4,1208,0.06048945680467084,0.06227739713248825,0.0008278145695364238,0.0
RNF213,1208,0.01623538829415427,0.01785934270850545,0.0008278145695364238,0.0
RNF13,1208,0.015592972877315214,0.016865220575199402,0.0008278145695364238,0.0
RTF1,1208,-0.6659334151563361,-0.661581438705436,0.8013245033112583,0.06788079470198675
TRIM40,1208,-0.07421737876422657,-0.06382853264715935,0.0024834437086092716,0.0
UBE2U,1208,0.01785619517160614,0.0215093886209584,0.005794701986754967,0.0
KCTD9,1208,-0.22375554850232945,-0.23070143252165876,0.0695364238410596,0.0024834437086092716
FBXO42,1208,-0.15860817631076302,-0.110834125838538,0.1316225165562914,0.014072847682119206
KLHL6,1208,0.036221808363452776,0.04185057010232235,0.004966887417218543,0.0008278145695364238
BRCA1,1208,-0.49217197442945415,-0.46457778570351904,0.4478476821192053,0.048013245033112585
RNF34,1208,-0.048053620010985204,-0.04533943622363215,0.006622516556291391,0.0
FBXO48,1208,-0.016502092916913253,-0.01152689426447695,0.0024834437086092716,0.0
USP9X,1208,-0.6926996497053004,-0.6865133879690861,0.6879139072847682,0.21274834437086093
KCTD13,1208,0.0541707878766338,0.04935735296989855,0.0,0.0
INSIG2,1208,0.036568526894377534,0.03969393146179255,0.0008278145695364238,0.0008278145695364238
SPRTN,1208,-0.7181305045178626,-0.7061780085074922,0.8236754966887417,0.12003311258278146
RNF186,1208,0.058850808984451435,0.0587221656514363,0.0,0.0
KCTD8,1208,0.004879348610500558,0.0056869282521572005,0.0016556291390728477,0.0
LMO7,1208,0.15596021507761695,0.15690273586361775,0.0,0.0
TRIM26,1208,-0.007331335134907618,-0.007825214377809649,0.0008278145695364238,0.0
KCTD10,1208,-0.3810695446968497,-0.29381403216415436,0.2996688741721854,0.05132450331125828
FBXO16,1208,0.11645598567296375,0.12124411977435359,0.0,0.0
PLK1,1208,-2.753743496032642,-2.7779014162976283,0.9991721854304636,0.9975165562913907
L3MBTL3,1208,0.09320895302947928,0.09171735614091994,0.0016556291390728477,0.0
TAF1,1208,-0.6265549554508284,-0.6248281927368666,0.7086092715231788,0.04966887417218543
KLHL20,1208,-0.10041211820903607,-0.09099161471041685,0.0024834437086092716,0.0
CDC27,1208,-2.54239465350059,-2.5318191273343538,0.9983443708609272,0.9975165562913907
TOMM40,1208,-1.4901628271629714,-1.4878914191750252,0.9958609271523179,0.9172185430463576
ANKIB1,1208,-0.02362999227129398,-0.014760060397780599,0.009933774834437087,0.0008278145695364238
RBX1,1208,-1.0323828163416366,-1.0153153306671285,0.9685430463576159,0.5322847682119205
SHPRH,1208,-0.019429097967840186,-0.0205520305412024,0.0033112582781456954,0.0
KLHL11,1208,-0.3120110797143663,-0.30561628993308776,0.10430463576158941,0.0016556291390728477
FBXW8,1208,-0.02316713324514781,-0.023632134936794398,0.0008278145695364238,0.0
DTX3L,1208,0.0014948253843990482,0.00074298314825385,0.0016556291390728477,0.0
FBXW2,1208,0.04114348633526994,0.04284095286110195,0.0008278145695364238,0.0
RNF111,1208,0.034254512125645536,0.03215778567343365,0.0008278145695364238,0.0
UBE3D,1208,-0.2189811827590176,-0.1805928206254904,0.11506622516556292,0.008278145695364239
FEM1C,1208,-0.08578655152819023,-0.07430886488463559,0.022350993377483443,0.0
KLHDC2,1208,0.13027184986025195,0.1301423168058208,0.0008278145695364238,0.0
RNF43,1208,0.051487277122498114,0.044748576703596,0.0,0.0
RNF139,1208,-0.15791122328902563,-0.14933594971466313,0.01903973509933775,0.0016556291390728477
VPS18,1208,-0.9039488146101725,-0.9020305368835291,0.9155629139072847,0.3650662251655629
ABTB2,1208,0.04641021695474139,0.047398514066698705,0.0008278145695364238,0.0
ASB4,1208,0.1756124211443608,0.1692088372865054,0.0,0.0
FZR1,1208,-0.18661442100394904,-0.16744712059869982,0.1316225165562914,0.011589403973509934
HAT1,1208,-0.0664116273299286,-0.0572708778208561,0.014900662251655629,0.0
CBLB,1208,-0.008992301541743975,-0.014410589824431351,0.0,0.0
UBE2D3,1208,-0.8255726545178428,-0.7694709185170386,0.7508278145695364,0.298841059602649
RNF2,1208,-0.04744464395890392,-0.041082747354154056,0.008278145695364239,0.0
RNF169,1208,-0.11202368820871629,-0.10816198297036615,0.011589403973509934,0.0008278145695364238
KCTD16,1208,-0.09149415241899114,-0.08840084995013495,0.0008278145695364238,0.0
KCTD18,1208,-0.038545878412482734,-0.03671254269382265,0.0074503311258278145,0.0
FBXW5,1208,-0.03527499634162457,-0.036276926651833796,0.0,0.0
TOMM7,1208,-0.13093616696596386,-0.1246835826779896,0.014900662251655629,0.0016556291390728477
ANAPC15,1208,-0.5516373792189718,-0.5405745734693487,0.5538079470198676,0.0869205298013245
MSL2,1208,-0.0834279838847449,-0.0745906895270658,0.014072847682119206,0.0
RNF180,1208,0.0004845459795418016,0.00044149329542095,0.005794701986754967,0.0
CCIN,1208,-0.12918774398430136,-0.1204375999577644,0.01903973509933775,0.0008278145695364238
PRAMEF18,1047,-0.2566375169972404,-0.253487646057309,0.1356255969436485,0.0009551098376313276
COP1,1208,-0.27428679859346256,-0.2370757426636232,0.22847682119205298,0.024834437086092714
SLX4,1208,-0.2699568842599652,-0.2549604542775534,0.11506622516556292,0.0008278145695364238
FBXW9,1208,-0.14052528644696213,-0.14132108680904615,0.011589403973509934,0.0
RFWD3,1208,-0.2993410831287682,-0.2702215708407339,0.14652317880794702,0.0074503311258278145
SOCS6,1208,0.015842887201265875,0.0173057740518962,0.0016556291390728477,0.0
FBXL16,1208,-0.04863014910287085,-0.046551501314502794,0.0033112582781456954,0.0
DCUN1D4,1208,0.01254843562810991,0.0043253776271008505,0.005794701986754967,0.0
TRIM45,1208,-0.15692596640025508,-0.15286987444047,0.01076158940397351,0.0
WDR77,1208,-1.3540080351896422,-1.3262965769320143,0.9784768211920529,0.7938741721854304
UBE2Q2,1208,0.007120280791898228,0.01020018481316565,0.0,0.0
RNF14,1208,-0.17963960699607776,-0.18259832054516728,0.03394039735099338,0.0008278145695364238
TNFAIP3,1208,0.03497650309300231,0.059748351850972894,0.012417218543046357,0.0008278145695364238
PIAS4,1208,-0.16379332151869475,-0.14354518409304884,0.030629139072847682,0.004966887417218543
LNX1,1208,-0.009949483364583334,-0.009181152024374101,0.0024834437086092716,0.0
NOSIP,1208,-0.22175714786708123,-0.21164072152086827,0.04718543046357616,0.0016556291390728477
KLHL10,1208,-0.09532435054297116,-0.09338896987733206,0.0033112582781456954,0.0016556291390728477
DYRK2,1208,-0.07529370260121464,-0.0677209784109828,0.0033112582781456954,0.0
FBXL8,1208,-0.07264803675799232,-0.07710852801963561,0.005794701986754967,0.0
HLTF,1208,0.08844896858017752,0.08660533767815656,0.0008278145695364238,0.0
XIAP,1208,-0.02526711295246879,-0.012295668764479399,0.01076158940397351,0.0024834437086092716
IRF2BPL,1208,-0.04375437905962164,-0.03751695532267095,0.005794701986754967,0.0008278145695364238
UBE2J2,1208,-0.3172988213553007,-0.28349979191242747,0.14735099337748345,0.01076158940397351
RNFT1,1208,-0.009687445398363682,-0.01126821210166335,0.0008278145695364238,0.0
TRIM35,1208,0.10821347120529044,0.1077320391502086,0.0,0.0
KLHDC10,1208,-0.03922620356778538,-0.041407307709626556,0.0016556291390728477,0.0
RNF144B,1208,0.06801002261307589,0.0674514483359602,0.0,0.0
HERC3,1208,-0.020725963115875042,-0.01747673935124315,0.0,0.0
MALT1,1208,0.12337481136522213,0.12649990750087303,0.0,0.0
NEURL2,1208,0.0213187568340208,0.0190663971788952,0.0,0.0
KBTBD4,1208,-0.02448804466628577,-0.02612261967302965,0.0016556291390728477,0.0
RNF123,1208,-0.31073437360470035,-0.3072900464526422,0.10264900662251655,0.0008278145695364238
TRIM10,1208,-0.05623279288742592,-0.05462497361990665,0.0016556291390728477,0.0
NLRP12,1208,0.09621049905956915,0.10027892046108036,0.0008278145695364238,0.0
PJA1,1208,0.06350809392750871,0.06723928568492371,0.0008278145695364238,0.0
TRIM63,1208,0.089844024438061,0.0860872474044926,0.0,0.0
TOMM5,1208,-0.10961969761046116,-0.1097714740515805,0.0041390728476821195,0.0
RNF40,1208,-0.49020970040890577,-0.4863717894517011,0.46605960264900664,0.004966887417218543
KBTBD6,1208,0.02529469195845499,0.027637741586454448,0.0016556291390728477,0.0
TRIM49B,1047,-0.006824926172295644,-0.0034319345648705,0.0009551098376313276,0.0
DTX2,1208,-0.23992189659343313,-0.23127006571040548,0.07036423841059603,0.0008278145695364238
MED12,1208,-0.5562145703523845,-0.5711424040658898,0.570364238410596,0.16473509933774835
ZSWIM2,1208,0.02695935182352309,0.02810830388755145,0.0,0.0
MED27,1208,-0.8731055195638995,-0.8575974091808111,0.9652317880794702,0.24668874172185432
FBXL5,1208,0.012136821303290189,0.029900044891027,0.0173841059602649,0.0008278145695364238
OBI1,1208,-0.04203177780983081,-0.044816113866312096,0.0016556291390728477,0.0
TRIM6,1208,0.03773250675704133,0.03765465218601155,0.0008278145695364238,0.0
KLHDC3,1208,-0.04108390535538127,-0.0334267361268885,0.014900662251655629,0.0008278145695364238
DCAF17,1208,-0.003760367282051025,-0.0042401573910141,0.0,0.0
CDC16,1208,-2.4288181032137803,-2.448315980284388,1.0,0.9958609271523179
UBE2G1,1208,-0.04086369139188683,-0.0300084680634478,0.014900662251655629,0.0
TRIM33,1208,-0.09062106539749587,-0.07434861853037045,0.027317880794701987,0.0
PHF23,1208,-0.22576385140280275,-0.20875371397389156,0.09519867549668874,0.0024834437086092716
BTBD18,1208,-0.025905908359701885,-0.02359902685009215,0.0016556291390728477,0.0
TRIM21,1208,0.0609920530962525,0.06403000415981175,0.0,0.0
UHRF1,74,-0.47023858746008057,-0.4481366358014407,0.35135135135135137,0.04054054054054054
ZBTB44,1208,0.06724624380959246,0.06935098741119339,0.0024834437086092716,0.0
TRIM9,1208,-0.20716051786122677,-0.203937342736637,0.04718543046357616,0.0008278145695364238
CORO7,1208,-0.1164926202311012,-0.1144069439350286,0.0041390728476821195,0.0
KLHL38,1208,-0.09439361046811538,-0.0827447083254878,0.004966887417218543,0.0008278145695364238
NEDD4L,1208,0.04944624606642077,0.053644463152926355,0.004966887417218543,0.0033112582781456954
FBXO5,1208,-1.2076665915600109,-1.1702928179980852,0.9801324503311258,0.7102649006622517
CBFB,1208,-0.27524361831185185,-0.1599506338906301,0.21605960264900662,0.08940397350993377
UBE2E3,1208,-0.18784242906440124,-0.1834779911241691,0.01903973509933775,0.0
PEF1,1208,-0.41608069513819623,-0.41380705674255114,0.2781456953642384,0.0024834437086092716
BTBD1,1208,-0.012850900592964086,-0.014394547717219802,0.0016556291390728477,0.0
KBTBD3,1208,-0.09072576640437092,-0.08322845607455495,0.006622516556291391,0.0008278145695364238
COMMD4,1208,-0.16142992654431657,-0.16112479601093455,0.028145695364238412,0.0
BTBD8,1208,-0.039395489753369414,-0.0427560129433264,0.0041390728476821195,0.0
KCTD6,1208,0.010712386344793535,0.012512318806920199,0.0016556291390728477,0.0
UBE2QL1,1208,-0.006597653396327788,-0.00628145981189375,0.0024834437086092716,0.0
PRKN,1208,0.04216202026398128,0.042514700473661154,0.0,0.0
TRIM37,1208,-0.379708595747114,-0.34366498382907235,0.27483443708609273,0.028145695364238412
FBXO6,1208,-0.014715298119382977,-0.013921508676167451,0.0,0.0
INAVA,1208,-0.06943779824690045,-0.0657736009334145,0.0033112582781456954,0.0
NEDD8,1208,-1.8365000183214366,-1.8364385728162813,0.9966887417218543,0.9817880794701986
TNIP1,1208,-0.011368508716392759,-0.00594056533305445,0.004966887417218543,0.0
KLHL24,1208,0.03183948268057196,0.035878225488594595,0.0,0.0
MED30,1208,-1.9994168735302937,-1.9781262109536564,0.9983443708609272,0.9892384105960265
KBTBD8,1208,0.1010042262977144,0.10151635821856694,0.0016556291390728477,0.0
MUL1,1208,-0.01991865736566276,-0.0107520583597251,0.009933774834437087,0.0
UBE3B,1208,0.08400647303053244,0.08129934234098946,0.0008278145695364238,0.0008278145695364238
FBXL17,1208,-0.004541163560401343,0.0007576531764912,0.006622516556291391,0.0
AREL1,1208,-0.09901228917922068,-0.101062415761482,0.009933774834437087,0.0
MED10,1208,-0.494014895617823,-0.46749410584910156,0.4644039735099338,0.07119205298013245
RAB40B,1208,-0.05882026333365384,-0.05170714550556805,0.004966887417218543,0.0
FBXL14,1208,-0.01447015210395754,-0.0041746753396798,0.016556291390728478,0.0008278145695364238
ZFP91,1208,-0.11530725956377263,-0.1054971991412523,0.014900662251655629,0.0008278145695364238
CDC73,1208,-1.121547603471918,-1.1015108958918272,0.9867549668874173,0.6721854304635762
MED11,1208,-2.024806850023159,-2.0038536333369614,1.0,0.9859271523178808
MAGEF1,1208,0.00332454168409667,-0.00575262148164645,0.004966887417218543,0.0
UBE2S,1208,-0.48952344345124515,-0.4354490110293008,0.41887417218543044,0.062086092715231786
MDM2,1208,-0.6467857232535293,-0.42644007638114395,0.3841059602649007,0.2251655629139073
RNF182,1208,0.013487882514023166,0.015251813043273301,0.0,0.0
HECTD3,1208,-0.1236460147293611,-0.119488392201022,0.012417218543046357,0.0
MARCHF8,1090,-0.006377188443025058,-0.006430785880453951,0.006422018348623854,0.0
RNF115,1208,-0.07174984603909756,-0.061981772610420954,0.020695364238410598,0.0
LTN1,1208,-0.17598982397993235,-0.16597800074897215,0.023178807947019868,0.0
MKLN1,1208,-0.12129773364288646,-0.11141155812103809,0.018211920529801324,0.0008278145695364238
RIGI,1208,-0.04830302327775836,-0.048332264595431954,0.0024834437086092716,0.0
DCAF10,1208,-0.14053870326793194,-0.13510206304411526,0.016556291390728478,0.0
MARCHF9,1090,-0.385326554603029,-0.3669822365038323,0.20825688073394497,0.011009174311926606
COMMD1,1208,-0.0709745127870838,-0.06344028471780895,0.009933774834437087,0.0
ANAPC2,1208,-1.4509688502585174,-1.4276062258567046,0.9950331125827815,0.9031456953642384
UBE2Z,1208,-0.4184332642853896,-0.3885675708599572,0.27566225165562913,0.01903973509933775
ANAPC5,1208,-1.1379932817436507,-1.1300346451925098,0.9859271523178808,0.7003311258278145
VDAC2,1208,-0.18454207599773753,-0.1574574179588095,0.06374172185430464,0.0074503311258278145
CDC20,1208,-2.1227526640628724,-2.086917848403691,1.0,1.0
TRIM68,1208,0.13441108539820693,0.13198078901303129,0.0,0.0
MED17,1208,-1.0123743780139034,-0.9914150228043644,0.9809602649006622,0.48758278145695366
KCTD21,1208,-0.1025350540016922,-0.0927464819535422,0.005794701986754967,0.0
BUB3,1208,-2.6109403485707174,-2.669487380395874,0.9975165562913907,0.9875827814569537
MKRN3,1208,-0.029251823197888764,-0.01881324990883805,0.0024834437086092716,0.0
PEX10,1208,-0.1614778612224714,-0.1445934539481711,0.04718543046357616,0.0016556291390728477
TRIM44,1208,0.07133103590960786,0.0783586997594469,0.0016556291390728477,0.0
ASB13,1208,0.12669655293049323,0.1251595320044609,0.0008278145695364238,0.0
CAND1,1208,-0.3841652006242234,-0.38353197642947057,0.3302980132450331,0.018211920529801324
ARK2N,1208,-0.0024343607820812648,0.00343180940722495,0.0024834437086092716,0.0
TRAF2,1208,-0.31341962106307975,-0.2543772964785661,0.24420529801324503,0.04718543046357616
SH3RF3,74,0.01983335479853061,0.04268200998653695,0.0,0.0
PRAMEF11,1047,0.01912027976013215,0.0228501777470623,0.0009551098376313276,0.0
ASB10,1208,-0.005718456162888785,-0.0070285983917416,0.0,0.0
GLMN,1208,-0.3783654033166482,-0.3519815287880208,0.29221854304635764,0.015728476821192054
USP36,1208,-1.1416587305546408,-1.1424157209861279,0.9942052980132451,0.7326158940397351
PEX12,1208,-0.006741066018425182,-0.00079679317780635,0.0074503311258278145,0.0
BTBD7,1208,-0.16549967543467112,-0.1661989374425277,0.018211920529801324,0.0
RIPK2,1208,0.07209079484144584,0.07207582937064891,0.0016556291390728477,0.0008278145695364238
RAD18,1208,-0.04365781767186575,-0.0363870976265698,0.0074503311258278145,0.0
SYVN1,1208,-0.43850448538513803,-0.39854411623552555,0.33774834437086093,0.03394039735099338
PHF7,1208,-0.057875014193714,-0.05716701932272936,0.0008278145695364238,0.0
FBXO4,1208,-0.004019892817859731,-0.0015725672394531001,0.0,0.0
BRAP,1208,-0.2371250496259368,-0.2100638556275204,0.1498344370860927,0.008278145695364239
TRIM17,1208,-0.15281543079772467,-0.145249427390345,0.008278145695364239,0.0
NDFIP2,1208,0.021900756404099643,0.02165526065449285,0.004966887417218543,0.0
RNF150,1208,0.04225820962964311,0.0407377857007455,0.0008278145695364238,0.0
WDR24,1208,-0.6054475127156262,-0.5944395066118884,0.6001655629139073,0.11672185430463576
MAGEE1,1208,0.11904637315876898,0.1264702522695094,0.0033112582781456954,0.0
SOCS1,1208,-0.020026029731239268,-0.0205451448929225,0.0016556291390728477,0.0
ERLIN2,1208,-0.026970446076648804,-0.0162402309538289,0.004966887417218543,0.0
ELOB,1208,-1.4659190637656891,-1.460694849475201,0.9809602649006622,0.8468543046357616
RNF112,1208,0.18145767446229413,0.1838162277404098,0.0,0.0
OTUB1,1208,-0.1556759623555752,-0.14204031527275615,0.04304635761589404,0.0008278145695364238
OBSL1,1208,-0.17346211314771257,-0.16610906230320294,0.030629139072847682,0.0008278145695364238
CDC34,1208,0.06420867126600839,0.06140589494318345,0.0,0.0
FBXO28,1208,-0.21116237901096402,-0.2013583022856991,0.056291390728476824,0.0008278145695364238
BUB1,1208,-0.6352900048453508,-0.6383920947900926,0.7491721854304636,0.048841059602649006
RNF138,1208,-0.04565943170332507,-0.0407282757057677,0.008278145695364239,0.0
FBXO2,1208,-0.005092256021103176,-0.00663724372222485,0.0024834437086092716,0.0
MARCHF10,1090,-0.06218796849669736,-0.06016619710750945,0.0,0.0
TRIM77,1208,0.002376148931661598,0.0014653575744573,0.0016556291390728477,0.0
RC3H2,1208,0.06720033074829908,0.06662433743622034,0.0,0.0
ZBTB16,1208,0.0830617395516184,0.08343218049713345,0.0033112582781456954,0.0008278145695364238
IPP,1208,-0.09690158717534393,-0.09521224037735485,0.027317880794701987,0.0
TRAF3,1208,-0.011840671572330054,-0.0046545792523823,0.022350993377483443,0.0008278145695364238
UBE2W,383,0.017477489539437934,0.0242527283272455,0.02610966057441253,0.0
KLHL1,1208,0.052335419054442424,0.0510950864842227,0.0,0.0
KDM2A,1208,-0.6202547028390102,-0.6028034397454682,0.6415562913907285,0.09602649006622517
TRIM55,1208,0.012052655175138698,0.01399540433002395,0.0016556291390728477,0.0
DTX3,1208,-0.13904571120823941,-0.13495993291190825,0.0074503311258278145,0.0016556291390728477
PCGF5,1208,-0.03551435032038455,-0.0275795838721872,0.01076158940397351,0.0
ASB3,1208,-0.028216722154583054,-0.0170861719125038,0.014072847682119206,0.0041390728476821195
KLHL41,1208,0.0012535469685371306,0.00410337023406115,0.0033112582781456954,0.0008278145695364238
BTBD10,1208,-0.08671152288769764,-0.08142488065372415,0.009933774834437087,0.0
RNF157,1208,0.029575791865271744,0.02215874555192405,0.0,0.0
UBE2D1,1208,0.022511179495950516,0.025282167327267152,0.0016556291390728477,0.0
TRIM62,1208,-0.01005136570223003,-0.0074961240144819,0.0024834437086092716,0.0
G2E3,1208,-0.019210067575809085,-0.0146399273411472,0.0024834437086092716,0.0
ASB12,1208,0.04068406494711274,0.04325993701332485,0.0,0.0
UBE2K,1208,-0.16437888200135303,-0.16138311491113805,0.08195364238410596,0.0041390728476821195
KLHL3,1208,-0.1034745297946394,-0.10271791948453474,0.0008278145695364238,0.0
DTL,1208,-2.278495316745653,-2.274152418731462,1.0,0.9991721854304636
RCHY1,1208,-0.002593384571919569,-0.0031675166149127,0.0074503311258278145,0.0
RNF185,1208,-0.030544344993035998,-0.030355742814609,0.0016556291390728477,0.0
PCGF3,1208,-0.034596545741328075,-0.02195851537010485,0.014072847682119206,0.0016556291390728477
PAF1,1208,-0.8316039756375474,-0.817463853787813,0.9329470198675497,0.22185430463576158
SIRT2,1208,-0.1107742417627045,-0.10387422005569069,0.012417218543046357,0.0008278145695364238
MAGED1,1208,0.05689460749366783,0.05590113746323,0.0,0.0
UBE4B,1208,-0.2681877044192819,-0.2640266274828536,0.15811258278145696,0.006622516556291391
VPS11,74,-0.31828898218299123,-0.27135992892734506,0.25675675675675674,0.06756756756756757
MKRN2,1208,-0.01805986384737195,-0.01198745062306115,0.0016556291390728477,0.0
BTBD3,1208,-0.02146672895714925,-0.00575899493067045,0.0074503311258278145,0.0
KLHL2,1208,-0.06561817402337361,-0.06168132700030875,0.0033112582781456954,0.0
BARD1,1208,-0.5766790941296286,-0.5614852750239157,0.5836092715231788,0.08526490066225166
RNF11,1208,-0.203509029821643,-0.1983560069125076,0.022350993377483443,0.0016556291390728477
ASB7,1208,-0.0473915505612648,-0.04639752443152665,0.004966887417218543,0.0
TRIM64C,77,0.0811109886710063,0.0921535913116423,0.0,0.0
BTBD16,1208,0.04055572806965467,0.0435983687592347,0.0,0.0
CUL4B,1208,-0.013479533142969633,0.01510419312314245,0.014900662251655629,0.0016556291390728477
BSPRY,1208,0.01322824658291368,0.00974724010279315,0.0,0.0
DUSP22,1208,-0.21056072766749118,-0.20055773820419553,0.050496688741721855,0.0008278145695364238
TRIM22,1208,0.0168717966643392,0.016440286027971547,0.0,0.0
PELI1,1208,0.04894046889042648,0.0524455401506769,0.0,0.0
COMMD10,1208,-0.046324197844576046,-0.04149225238727175,0.009933774834437087,0.0
RNF130,1208,0.05661700042590999,0.05560728710096615,0.0,0.0
TRIB1,1208,-0.04584859523019105,-0.0179726119865585,0.02566225165562914,0.0033112582781456954
NACC2,1208,-0.02399622950015792,-0.019219276659093253,0.006622516556291391,0.0
TRIM72,1208,-0.11566589566400336,-0.1127459065126728,0.009933774834437087,0.0
CISH,1208,-0.06192154219718727,-0.06003877886037155,0.0008278145695364238,0.0
TRAF7,1208,-0.13146284417204573,-0.12956715458981388,0.048841059602649006,0.0024834437086092716
HAPSTR1,1208,-0.45644500744454025,-0.4055063171123225,0.4139072847682119,0.09437086092715231
PRAMEF20,1090,-0.2565497277585208,-0.24118671838310635,0.062385321100917435,0.0009174311926605505
RNF148,1208,0.0652380496872222,0.06278503594549675,0.0008278145695364238,0.0
RNF227,70,0.17122833593763664,0.1550787199621822,0.0,0.0
RFPL3,1208,-0.11584466234436049,-0.11715874404088715,0.0033112582781456954,0.0
SIAH3,1208,-0.04861867405359627,-0.04710469967778915,0.0008278145695364238,0.0
WDR59,1208,-0.33169136777495806,-0.30491379604053703,0.2259933774834437,0.01076158940397351
HECW1,1208,0.044314744371294346,0.041813015899539646,0.0,0.0
RNFT2,1208,-0.1157119090984695,-0.11252279137731991,0.0024834437086092716,0.0008278145695364238
KLHL17,1208,0.033479905882680495,0.0332364250427078,0.0024834437086092716,0.0
HIPK2,77,-0.01355147507806783,-0.0095399800205607,0.0,0.0
NEURL4,1208,-0.060235740584630174,-0.057238487435232854,0.0041390728476821195,0.0
KCTD17,1208,0.04255943119144505,0.041984572924702604,0.0,0.0
NACC1,1208,-0.15478165106935993,-0.1464720181147839,0.0380794701986755,0.0
HACE1,1208,-0.05605186365151337,-0.05201609899021565,0.006622516556291391,0.0
UBAC2,1208,0.06012418570223581,0.05702185411289935,0.0008278145695364238,0.0
ASB17,1208,-0.05697042424337891,-0.05505992011641455,0.0024834437086092716,0.0
COMMD2,1208,-0.12300318986849092,-0.11174533884904819,0.020695364238410598,0.0
TRIM58,1208,0.1165895258226131,0.1199472071565012,0.0008278145695364238,0.0
FBXL19,1208,-0.09529592755547295,-0.08831982136656291,0.009933774834437087,0.0
SPSB3,1208,-0.026160601394188868,-0.027881131872522752,0.0,0.0
ABTB3,1208,-0.03479015768777905,-0.031634030864175,0.0008278145695364238,0.0
KLHL30,1208,-0.026591091945345487,-0.02881266007466755,0.0024834437086092716,0.0
TRIM32,1208,0.010625767756416233,0.012259269338481149,0.0,0.0
ABTB1,1208,0.057600058796211544,0.05681421345160665,0.0,0.0
UBE3A,1208,-0.09166467231706783,-0.07961788120420875,0.023178807947019868,0.0041390728476821195
KLHDC1,1208,-0.0651352463074268,-0.06668486311988495,0.0008278145695364238,0.0
IFT20,1208,0.08799988605570376,0.0789620584244594,0.0,0.0
ARRDC1,1208,-0.08181531954541604,-0.0825786161861015,0.004966887417218543,0.0
TRIM25,1208,-0.07728889571194963,-0.07252603927237916,0.0074503311258278145,0.0
MARCHF4,1090,-0.12493234445579673,-0.11925799116059574,0.010091743119266056,0.0
PRPF19,1208,-2.653188864071649,-2.7001361680455354,1.0,0.9983443708609272
RNF121,1208,-0.03221530906761631,-0.02776533391918555,0.004966887417218543,0.0
RBCK1,1208,0.07482441514980859,0.07074880189453864,0.0008278145695364238,0.0
BTBD2,1208,0.008867931067659424,0.0157949457296563,0.0008278145695364238,0.0
TRIM39,1208,0.01944310218437922,0.022644462728203252,0.0041390728476821195,0.0
MARCHF11,1090,0.04891725090056611,0.045447544915699745,0.0009174311926605505,0.0
RNF122,1208,0.1203179977336639,0.11886322415036404,0.0008278145695364238,0.0
ASB18,1208,0.04053186968062111,0.038404918356810494,0.0008278145695364238,0.0
RNF217,1208,-0.01606858755082607,-0.00179648798289375,0.0033112582781456954,0.0008278145695364238
BTBD19,77,0.030771198696643992,0.0083476178093931,0.0,0.0
TTC5,1208,-0.17602647715337566,-0.1683510913885107,0.03559602649006623,0.0008278145695364238
MED7,1208,-0.7071801723910804,-0.6812810112031187,0.8004966887417219,0.125
MARCHF7,1090,-0.015195475797184865,-0.017999543693611002,0.0009174311926605505,0.0
UBE2L3,1208,-1.213920603286567,-1.2211124040734862,0.9503311258278145,0.6846026490066225
MARCHF1,1090,0.04676147236643758,0.053113906590867094,0.0009174311926605505,0.0
IRAK1,1208,0.08403193572787875,0.08216849222415834,0.0024834437086092716,0.0008278145695364238
RPS6KA5,1208,0.03693397490473818,0.03372650195999755,0.0,0.0
KCTD20,1208,0.03664866832834731,0.03986708645028155,0.0008278145695364238,0.0
FBXO44,1208,-0.04737293575720423,-0.044574486032240346,0.0024834437086092716,0.0
DCAF5,1208,-0.026541178868933552,-0.0189695117437909,0.004966887417218543,0.0008278145695364238
SMURF2,1208,-0.19697843089392783,-0.1871860002911181,0.04056291390728477,0.0008278145695364238
RSPRY1,1208,-0.044262416778081626,-0.04402437332074275,0.005794701986754967,0.0
YPEL5,1208,-0.8394733212646331,-0.7623603856457508,0.7475165562913907,0.31539735099337746
RNF39,1090,-0.15159676535899064,-0.14854788848803735,0.003669724770642202,0.0
SEC16A,1208,-0.6225469399574065,-0.5964738607916155,0.6730132450331126,0.0728476821192053
KBTBD12,1208,-0.03190105883844689,-0.02548372814204675,0.0033112582781456954,0.0
MYLIP,1208,0.07358768237970387,0.08065182111726454,0.011589403973509934,0.0008278145695364238
MED1,1208,-0.7573018605648427,-0.6938136096813228,0.6432119205298014,0.30629139072847683
PELI3,1208,-0.021440150763070584,-0.0208161596120923,0.0024834437086092716,0.0
SEH1L,1208,-1.167940762329018,-1.168240582955984,0.9610927152317881,0.695364238410596
ARMC8,1208,0.06999332998727392,0.0754287664132959,0.0,0.0
TRIM43,1047,-0.3292314070345539,-0.3140623240987666,0.15377268385864373,0.0
NT5C2,1208,0.004621187716347501,0.00400945230195455,0.0,0.0
WSB2,1208,-0.2034068861756312,-0.1714988581671518,0.06705298013245033,0.009105960264900662
KLHL12,1208,-0.15717099805025617,-0.14418803858263335,0.023178807947019868,0.0008278145695364238
ZAP70,1208,-0.02833432367152826,-0.0228853747955738,0.004966887417218543,0.0008278145695364238
BTRC,1208,-0.11589210901363421,-0.1161234028562377,0.014900662251655629,0.0
SIAH1,1208,0.026588592208789976,0.031667981101801454,0.022350993377483443,0.0016556291390728477
HERPUD1,1208,-0.052547597726332336,-0.04872097307582185,0.011589403973509934,0.004966887417218543
TRIM36,1208,0.05232221096264996,0.0515553879649855,0.0,0.0
KLHL25,1208,-0.024148789931038868,-0.020984087263298902,0.0033112582781456954,0.0
RNF41,1208,-0.2201039594443451,-0.20975801310300773,0.07119205298013245,0.0033112582781456954
RNF103,1208,-0.20896178731068688,-0.2057574353369402,0.0173841059602649,0.0
UBR7,1208,0.055457292142748,0.0533170337899537,0.0,0.0
BIRC2,1208,-0.22860658685788462,-0.18465332492675465,0.12003311258278146,0.014072847682119206
PCGF2,1208,-0.18217407719558154,-0.17284243192056514,0.02566225165562914,0.0008278145695364238
TRIM47,1208,-0.07597527239283652,-0.08340574555853614,0.01076158940397351,0.0
RNF216,1208,-0.07769179303292553,-0.0674064042815625,0.01076158940397351,0.0
RNF6,1208,-0.16208703589745888,-0.16384387620671143,0.005794701986754967,0.0
TRIP12,1208,-0.2013863750534307,-0.20687065253290066,0.09271523178807947,0.0016556291390728477
UBE2A,1208,-0.16166009607855533,-0.148191422519945,0.0869205298013245,0.005794701986754967
CDC42,1208,-1.2265918096947537,-1.2248224644288577,0.9354304635761589,0.6945364238410596
SNCAIP,1208,0.018315088145902395,0.0166694282953042,0.0008278145695364238,0.0
FBXO31,1208,-0.0034882018840307954,-0.01144918782900495,0.0,0.0
MEFV,1208,0.015952606056089155,0.01509634346547065,0.0,0.0
TRIML2,1208,0.096497823790051,0.096268013658274,0.0,0.0
TRAF1,1208,0.014862106570497724,0.01538305180797635,0.0,0.0
DCAF15,1208,-0.24095090212221973,-0.20120976997701273,0.11175496688741722,0.011589403973509934
KLHL35,1208,0.04155288673189344,0.0385249353817389,0.006622516556291391,0.0
FBXO33,1208,-0.05249376319501484,-0.04893843579829385,0.006622516556291391,0.0
RHOBTB2,1208,-0.050437171743492736,-0.04954186491469395,0.0,0.0
