n_strands,beta_fraction,radial_cv,beta_radial_score,central_pore_score,propeller_score,accession
4,0.030595813204508857,0.5,0.0,0.2575103986069565,0.0,Q9UK73
30,0.28900709219858156,0.7520598769187927,6.6663842922382415,0.11071018995225594,0.738036671288431,Q14145
3,0.12048192771084337,0.5,0.0,0.0843919829781101,0.0,P78317
9,0.1037463976945245,0.21285691857337952,5.879729398506899,0.17654862528717294,1.0380581423669692,P98170
7,0.1711229946524064,0.1638370156288147,5.044185116658476,0.3323890950859642,1.6766321263721997,Q00987
15,0.3253968253968254,0.3338579535484314,7.6931805532018736,0.06402869422775832,0.4925843052798994,Q96SW2
22,0.4158415841584158,0.43233558535575867,9.266180648475524,0.17366595992741693,1.6092201571783566,Q66K64
7,0.25806451612903225,0.24983450770378113,4.247120116697253,0.19148936700558436,0.8132783427430407,P40337
28,0.15421002838221382,0.36515194177627563,13.489351907444783,0.05809355758410549,0.7836444418074068,Q9Y4B6
4,0.0967741935483871,0.5,0.0,0.4251328146975881,0.0,Q9Y508
9,0.08215962441314555,0.39569470286369324,4.078931927252271,0.09622149914607364,0.3924809449549969,Q13489
9,0.07494646680942184,0.5918870568275452,2.755090974567103,0.1126515734179206,0.31036533319449644,Q13490
6,0.13191489361702127,0.30133959650993347,3.2840593904225575,0.10654305629469929,0.34989372450892636,Q96JG8
14,0.1065989847715736,0.28631821274757385,7.8965101137816,0.3092566716115413,2.442048435134971,Q96IG2
0,0.0,0.5,0.0,0.4082087372050285,0.0,Q96HR3
0,0.01646090534979424,0.5,0.0,0.10765970455999989,0.0,Q96GG9
4,0.034739454094292806,0.5,0.0,0.055228606758621186,0.0,Q96JB5
3,0.11764705882352941,0.5,0.0,0.3020220398037797,0.0,Q96GF1
3,0.05121293800539083,0.5,0.0,0.1833181127531382,0.0,Q96G75
27,0.26521060842433697,0.3076306879520416,14.593489288357285,0.06471306154661688,0.9443893704973592,Q96J02
6,0.13692946058091288,0.34537702798843384,3.0071879711740066,0.16341383192677797,0.49141610969365757,Q96BH1
28,0.402088772845953,0.32922303676605225,14.49434301842532,0.19167589949090627,2.778216235586411,Q96JK2
0,0.0,0.5,0.0,0.1094171329956087,0.0,Q96G25
90,0.4126846220677672,0.23793146014213562,55.92137856356714,0.15636270486730375,8.744018012107816,Q96JN8
2,0.018272425249169437,0.5,0.0,0.20893788157972357,0.0,Q96JP0
0,0.14393939393939395,0.5,0.0,0.49573327829035324,0.0,Q96JP5
3,0.07142857142857142,0.5,0.0,0.1499959877460084,0.0,Q96K19
15,0.24879227053140096,0.6409162282943726,4.162924135430777,0.10466614269212493,0.43571721157548854,Q96KE9
17,0.27466666666666667,0.4353509247303009,7.117179395344879,0.09722865335582342,0.6919937683011962,Q96L50
20,0.19842829076620824,0.37482744455337524,9.450591994339957,0.13933811821882913,1.3168277045452612,Q96LD4
4,0.15333333333333332,0.5,0.0,0.27864482831993775,0.0,Q96LR5
0,0.0,0.5,0.0,0.1850189274072949,0.0,Q96M02
16,0.22933884297520662,0.42598676681518555,6.825155936230862,0.16479582407605609,1.124757196958751,Q96JM7
24,0.32,0.45645269751548767,9.632554306249974,0.09259122504091659,0.8918900034888415,Q96FA3
5,0.10843373493975904,0.5,0.0,0.11767716358927784,0.0,Q96FW1
0,0.014598540145985401,0.5,0.0,0.11878103659860474,0.0,Q96DX5
16,0.20924574209245742,0.4466133415699005,6.549325315666366,0.13096896237843567,0.8577583408716446,Q96BQ3
5,0.17,0.5,0.0,0.2704395418095893,0.0,Q96BR9
3,0.017980636237897647,0.5,0.0,0.05484230105979091,0.0,Q96C12
4,0.11392405063291139,0.5,0.0,0.23720708607803628,0.0,Q96CA5
12,0.1876750700280112,0.278780996799469,6.871240490171358,0.23413448004337845,1.6087943194192798,Q96CD0
31,0.29009009009009007,0.7314549088478088,7.1784062436875855,0.17817535443099178,1.2790150767186799,Q96CT2
7,0.325,0.2779909074306488,4.014562335839113,0.26158912304137205,1.0501658408270755,Q96CX2
6,0.21495327102803738,0.21215489506721497,3.9253270754746294,0.13280543293530084,0.5213047616710664,Q96D59
0,0.0,0.5,0.0,0.08374289496352408,0.0,Q96DE5
14,0.16417910447761194,0.6816361546516418,3.581511866387307,0.09472149005263232,0.33924614062538994,Q96DX4
4,0.08080808080808081,0.5,0.0,0.1957158535829915,0.0,Q96DX7
0,0.0,0.5,0.0,0.3072947105959894,0.0,Q96FV3
24,0.5163398692810458,0.35318663716316223,11.842331840131717,0.2698696660487008,3.1958861389342426,Q96EE3
10,0.312,0.3242889642715454,5.227886912729102,0.1034063872604078,0.5405968986512832,Q96EF6
14,0.3605769230769231,0.4418579638004303,5.785422559750248,0.23117200948581632,1.3374277588620402,Q96EH8
5,0.12444444444444444,0.5,0.0,0.10592403695019212,0.0,Q96M61
17,0.17718446601941748,0.3495880961418152,8.448907573530812,0.20513163104397084,1.7331381910981334,Q96EP1
6,0.12345679012345678,0.1938626766204834,4.071592155626517,0.13886418923843957,0.5653983436006668,Q96EQ8
2,0.03076923076923077,0.5,0.0,0.07646363735453089,0.0,Q96EX2
15,0.1864801864801865,0.3643440306186676,7.238124601239906,0.24095747158268627,1.744080202915207,Q96F44
0,0.015748031496062992,0.5,0.0,0.16057985974027875,0.0,Q96BM1
12,0.22163588390501318,0.42320746183395386,5.147399965487996,0.12889123499979144,0.6634547385896317,Q96FN5
12,0.08121212121212121,0.2684233486652374,7.015064811204647,0.09910903623122307,0.6952563125380594,Q96EP0
27,0.25585585585585585,0.8174690008163452,5.2640403768700015,0.052837716332684755,0.2781398721968561,Q96PQ7
29,0.2773851590106007,0.7907699942588806,5.964086148015125,0.04289669276468102,0.2558395711134947,Q96M94
7,0.18877551020408162,0.3224497437477112,3.673006959321824,0.18555627158553875,0.6815494768794943,Q9BSM1
32,0.41294642857142855,0.3073807656764984,17.304634770744013,0.26747278925492607,4.6285189291686795,Q9BQ87
27,0.4087193460490463,0.33422696590423584,13.837508802882052,0.19489641906213345,2.696880914422461,Q9BQ90
27,0.5098039215686274,0.3246973752975464,14.10376968798443,0.2983148266376804,4.207363609408847,Q9BQA1
13,0.3288888888888889,0.33492419123649597,6.6532201795474855,0.10352786664284785,0.6887936914936963,Q9BR09
35,0.3054101221640489,0.556515097618103,11.499664560058305,0.07864459978566318,0.9043865169951598,Q9BRZ2
0,0.0,0.5,0.0,0.47773725542343237,0.0,Q9BS18
7,0.28270042194092826,0.15495987236499786,5.134540750989233,0.1355617415040739,0.6960472860277359,Q9BSF8
15,0.2216624685138539,0.393478661775589,6.828417016575443,0.12061217262097819,0.8235902119312223,Q9BSJ1
2,0.01877133105802048,0.5,0.0,0.15220993697413304,0.0,Q9BSK4
4,0.10108303249097472,0.5,0.0,0.12492373169447468,0.0,Q9BSL1
0,0.0,0.5,0.0,0.13895304113717588,0.0,Q9BT67
3,0.13157894736842105,0.5,0.0,0.053515752051831594,0.0,Q99942
2,0.05154639175257732,0.5,0.0,0.2231134694492353,0.0,Q9BTE7
0,0.0,0.5,0.0,0.1189250291069864,0.0,Q9BTT4
2,0.06896551724137931,0.5,0.0,0.3977058653757846,0.0,Q9BUL5
28,0.4556213017751479,0.3175741136074066,14.835994411770127,0.33357114845650193,4.948859694428406,Q9BUR4
22,0.22538293216630198,0.2660590708255768,12.921909889667088,0.4903968403255233,6.336863780863871,Q9BUZ4
6,0.21367521367521367,0.08091452717781067,5.103519577119777,0.27606827233700154,1.4089198324935217,Q9BV68
17,0.20412844036697247,0.5036576390266418,6.208368040530655,0.09605798379627276,0.5963633166385913,Q9BVG3
9,0.06851311953352769,0.18200166523456573,6.253999923897816,0.13409005866556323,0.8385992166898861,Q9BVR0
0,0.0,0.5,0.0,0.34699337263369584,0.0,Q9BW61
4,0.06643356643356643,0.5,0.0,0.12618534742583498,0.0,Q9BWF2
7,0.22325581395348837,0.14283950626850128,5.260526603741971,0.29431224699044006,1.5482374051002876,Q9BQ13
11,0.11358024691358025,0.4399525225162506,4.563045291744194,0.0483417921548488,0.22058578708665924,Q99728
20,0.17165354330708663,0.1551303267478943,14.665116112485844,0.2109793215384439,3.094036247694765,Q96ME1
15,0.42402826855123676,0.3090178370475769,8.0850326147778,0.11743907003546994,0.9494987114859488,Q96PX1
5,0.1326530612244898,0.5,0.0,0.13708816567186533,0.0,Q96MG7
9,0.1872791519434629,0.3216531574726105,4.729967173380163,0.11376061435987829,0.5380839715457842,Q96MG8
7,0.20093457943925233,0.13793671131134033,5.312362897736555,0.2589825492344744,1.3758092857144524,Q96MP8
0,0.007326007326007326,0.5,0.0,0.05512886819564255,0.0,Q96MT1
5,0.17551020408163265,0.5,0.0,0.12690072019950036,0.0,Q96MU7
2,0.06053268765133172,0.5,0.0,0.04593058971495964,0.0,Q96NS5
5,0.10052910052910052,0.5,0.0,0.05733979703790149,0.0,Q96P09
14,0.225531914893617,0.549285888671875,4.6668557233431205,0.019288342587582025,0.09001591199866002,Q96PM5
23,0.24149108589951376,0.18657825887203217,15.836821417855715,0.18776246973913063,2.9735607022341495,Q96PU4
28,0.2789473684210526,0.318578839302063,14.806212135227522,0.15371968846412867,2.276006316760976,Q96PU5
17,0.2875457875457875,0.5388837456703186,5.786026882753673,0.05917064858406413,0.34236296337736566,Q96Q07
13,0.33620689655172414,0.34041088819503784,6.580610887486924,0.10319758965723459,0.6791031820608059,Q99619
0,0.0,0.5,0.0,0.15485714825427102,0.0,Q96Q27
12,0.175,0.780631959438324,2.518447728339013,0.30444470155246955,0.7667280670296658,Q96QT6
5,0.08260869565217391,0.5,0.0,0.2421845044319048,0.0,Q96RE7
8,0.1953125,0.4495461881160736,3.255510716319233,0.21715397192225733,0.7069470826841946,Q96RU8
33,0.3512476007677543,0.5793517827987671,10.358464337456489,0.13539838107211088,1.4025193016848043,Q96S15
6,0.22702702702702704,0.1608325093984604,4.349645947597041,0.18789000570699002,0.817255001917394,Q96S21
13,0.17647058823529413,0.3556409478187561,6.383186740907907,0.16941997877417936,1.0814393621562406,Q96S59
9,0.28502415458937197,0.1577405333518982,6.564940934157573,0.1299104884760856,0.85285468357306,Q96SI1
22,0.25691056910569104,0.2074224203824997,14.529740424030313,0.15492943501691173,2.2510844748373997,Q96T88
8,0.16666666666666666,0.29633304476737976,4.422810935205036,0.2385361845139874,1.0550004453105497,Q99496
5,0.07983193277310924,0.5,0.0,0.19480968842439042,0.0,Q96BF6
5,0.09803921568627451,0.5,0.0,0.334073950945954,0.0,Q96A37
16,0.35177865612648224,0.37999674677848816,7.482711517836316,0.08280788988158365,0.6196275513846473,Q96BD6
31,0.35714285714285715,0.6243173480033875,8.893783134815463,0.05633204369301229,0.5010049801466004,Q8NHY2
4,0.1590909090909091,0.5,0.0,0.16056123922150242,0.0,Q8NEA4
12,0.18269230769230768,0.5648210644721985,3.877786576354793,0.08284031656913592,0.3212370675727768,Q8NEA9
20,0.10303030303030303,0.11900320649147034,15.763952727591331,0.12559831078378172,1.9799258338608596,Q8NEE6
13,0.20376175548589343,0.2982185482978821,7.160016324054052,0.10062883630565847,0.7205041106190777,Q8NEG5
17,0.3132183908045977,0.2696787118911743,9.913088158912668,0.2293392295777575,2.2734600011014217,Q8NEZ5
29,0.3215613382899628,0.6568976044654846,7.795141235343724,0.1964533255425369,1.5313814187570338,Q8NFY9
18,0.1116751269035533,0.36664560437202454,8.64585961523084,0.09013403917490295,0.779286249259928,Q8NFZ0
16,0.2073732718894009,0.43490663170814514,6.704476642138815,0.22117361559277068,1.4828533395991201,Q8NG06
3,0.14,0.5,0.0,0.2785394223136009,0.0,Q8NG27
5,0.20238095238095238,0.5,0.0,0.27546558496485823,0.0,Q8NHG8
24,0.15514993481095177,0.3127848505973816,12.838957830941695,0.1864170804038793,2.393401034272674,Q8NHM5
0,0.0,0.5,0.0,0.5409875664732767,0.0,Q8NHZ8
0,0.0,0.5,0.0,0.19782919332523993,0.0,Q96B49
10,0.29880478087649404,0.3254657983779907,5.215596670731726,0.07132814150100143,0.3720188173421045,Q8NI29
16,0.20535714285714285,0.470456600189209,6.244340427215688,0.14675605315322215,0.9163947556432794,Q8TB52
23,0.32113821138211385,0.42596492171287537,9.811590319356355,0.048540426427426994,0.4762587780327721,Q8TBB1
10,0.13636363636363635,0.4008611738681793,4.485557294736118,0.047511858677625265,0.21311716427789354,Q8TC41
4,0.06923076923076923,0.5,0.0,0.15296131727980145,0.0,Q8TCJ0
2,0.0875,0.5,0.0,0.08517897697765127,0.0,Q8TCQ1
27,0.30363636363636365,0.2796359360218048,15.433878472009669,0.37476379163411716,5.784058815790518,Q8TDB6
28,0.36705882352941177,0.32023733854293823,14.757181314588347,0.21682201472065504,3.1996817842270504,Q8TEB1
10,0.23741007194244604,0.4353216886520386,4.186820920199723,0.17742938943682313,0.7428650795523547,Q8TEB7
15,0.3386454183266932,0.19733381271362305,10.108559858698321,0.3714468105782339,3.754792319052654,Q8TEC5
20,0.3580645161290323,0.21976886689662933,12.886684123584187,0.31883731474397076,4.108755761917342,Q8TEJ3
0,0.11666666666666667,0.5,0.0,0.3374258943288118,0.0,Q8NE65
3,0.2235294117647059,0.5,0.0,0.30180551074379286,0.0,Q8ND25
0,0.0,0.5,0.0,0.14089192543194673,0.0,Q8ND24
19,0.5918367346938775,0.3810388743877411,8.86721910621576,0.11093821067672327,0.9837134213220298,Q8NCT1
4,0.08450704225352113,0.5,0.0,0.25761638664380637,0.0,Q8N6D2
2,0.4634146341463415,0.5,0.0,0.4829918130799312,0.0,Q8N726
27,0.39285714285714285,0.3233157992362976,14.142794439966607,0.15493457353162077,2.191207825101604,Q8N7A1
15,0.2386058981233244,0.6881834268569946,3.787413557179942,0.17357758623223962,0.6574101033185548,Q8N7C3
10,0.27165354330708663,0.4342498779296875,4.195805505643974,0.14219187938302646,0.5966094703731663,Q8N7C7
3,0.19,0.5,0.0,0.21892847793025316,0.0,Q8N7E2
9,0.2177121771217712,0.3316136300563812,4.636674085136252,0.15186850026294865,0.7041647395177221,Q8N7H5
6,0.11224489795918367,0.31647053360939026,3.186166283340406,0.05800564385121896,0.18481562668220558,Q8N806
4,0.1188118811881188,0.5,0.0,0.19572511464024042,0.0,Q8N8N0
3,0.02403204272363151,0.5,0.0,0.04664527463773875,0.0,Q8N961
10,0.2271062271062271,0.4603479206562042,3.9824183153006154,0.12554035342905606,0.49995420280518527,Q8N9I9
14,0.1927710843373494,0.7359269857406616,3.2129944672194513,0.05466163538066733,0.17562753204725115,Q8N9V2
27,0.42298850574712643,0.6170839667320251,7.859075137556578,0.10418029248782175,0.8187607465144123,Q8N9V3
0,0.023809523809523808,0.5,0.0,0.1810259260300192,0.0,Q8NA82
4,0.05660377358490566,0.5,0.0,0.08256262448441606,0.0,Q8NAA5
28,0.2735191637630662,0.7060081362724304,6.822242551202154,0.2134497617684962,1.4562060472809977,Q8NAB2
27,0.30666666666666664,0.6445066332817078,7.439648472738386,0.13844960673021625,1.0300164052616836,Q8NBE8
0,0.009345794392523364,0.5,0.0,0.1280001586826727,0.0,Q8NBM4
11,0.29959514170040485,0.5092738270759583,3.9723093214687886,0.10792700292005859,0.4287194397375379,Q8NC42
6,0.3480392156862745,0.09026137739419937,5.009002104101902,0.19097766316518486,0.9566075166308753,Q8NC69
1,0.018867924528301886,0.5,0.0,0.46450732991020854,0.0,Q8NCN4
4,0.16145833333333334,0.5,0.0,0.3252051608760538,0.0,Q8NCP5
19,0.4155844155844156,0.3015923500061035,10.394265700727601,0.08562699313358392,0.8900297177848492,Q8NCQ5
0,0.0,0.5,0.0,0.23743504962168888,0.0,Q8TEL6
10,0.11224489795918367,0.34168824553489685,5.049092892596212,0.056760205946056234,0.28658755242452977,Q8TF61
1,0.012915129151291513,0.5,0.0,0.0898846013662522,0.0,Q8WU17
27,0.4689265536723164,0.3169972896575928,14.322651237640962,0.2647678411079482,3.7921774471322798,Q92466
2,0.04854368932038835,0.5,0.0,0.15182289818489458,0.0,Q92564
0,0.0,0.5,0.0,0.045470927251518835,0.0,Q92574
0,0.0,0.5,0.0,0.242248870790031,0.0,Q92624
9,0.15503875968992248,0.5464197993278503,3.0173681522855835,0.16037211562192616,0.4839017141922613,Q92630
27,0.45179063360881544,0.26408207416534424,15.921536947323013,0.32911971862965217,5.240091760254561,Q92834
0,0.0,0.5,0.0,0.08185950665223239,0.0,Q92990
23,0.07670182166826463,0.4851568341255188,8.71617546003851,0.2290965844671714,1.996846027511399,Q93008
10,0.06429548563611491,0.3957272171974182,4.53185187596509,0.09765114450213662,0.442540522402146,Q93034
1,0.0034873583260680036,0.5,0.0,0.10022736279361595,0.0,Q93074
32,0.3936842105263158,0.3007969558238983,17.534002419438558,0.09372068521508242,1.6432987213126946,Q969H0
4,0.08866995073891626,0.5,0.0,0.2455127209461766,0.0,Q969K3
8,0.08256880733944955,0.2670023441314697,4.6900200308391184,0.16937143696641074,0.7943554320244716,Q969K4
4,0.12738853503184713,0.5,0.0,0.19710174278189008,0.0,Q969M7
4,0.07142857142857142,0.5,0.0,0.1810764958121766,0.0,Q969P5
7,0.07342657342657342,0.17981506884098053,4.885540925863684,0.16321757831843414,0.7974061586950711,Q969Q1
4,0.152317880794702,0.5,0.0,0.26662150029072873,0.0,Q969T4
26,0.4144736842105263,0.2672007083892822,15.23651913938244,0.11269136037882123,1.7170240692549537,Q969U6
14,0.32142857142857145,0.5933818221092224,4.272903981363172,0.13519697474467432,0.5776836916547752,Q969V5
15,0.35390946502057613,0.36171653866767883,7.276260944674581,0.09808708811905865,0.7137072484575606,Q96A44
5,0.16326530612244897,0.5,0.0,0.11963316001165417,0.0,Q96A61
31,0.1811764705882353,0.4566286504268646,12.437671652946655,0.032460871399140785,0.40373766003104017,Q96AX9
4,0.17692307692307693,0.5,0.0,0.32525926867949406,0.0,Q96B02
0,0.0,0.5,0.0,0.12218282624238504,0.0,Q96B23
4,0.13055555555555556,0.5,0.0,0.27369159723296277,0.0,Q92541
5,0.09268292682926829,0.5,0.0,0.2193870639175413,0.0,Q8WZ73
5,0.15343915343915343,0.5,0.0,0.1251162960165892,0.0,Q8WUJ0
28,0.2807971014492754,0.7684876322746277,6.020854818242223,0.17305387687780432,1.0419322684152246,Q8WZ60
30,0.4854111405835544,0.45487985014915466,12.078628863215823,0.12424035857124346,1.5006531810149046,Q8WV16
5,0.14957264957264957,0.5,0.0,0.08444144462166903,0.0,Q8WV22
18,0.23095238095238096,0.5584542155265808,5.89122129546802,0.1832049217089315,1.0793007362062086,Q8WV44
10,0.42657342657342656,0.27210211753845215,5.803033847307124,0.12516393623611832,0.7263305584403853,Q8WVC0
4,0.0851063829787234,0.5,0.0,0.2120065940042199,0.0,Q8WVD3
3,0.15343915343915343,0.5,0.0,0.17138650891203253,0.0,Q8WVD5
10,0.2347417840375587,0.3521731495857239,4.9443167903595295,0.10484810691961188,0.5184022554800483,Q8WVF5
8,0.15705128205128205,0.18487709760665894,5.527233098487541,0.25399998659700274,1.4039171329343452,Q8WVN8
10,0.2813688212927757,0.4338914155960083,4.198814660650246,0.0924773970336907,0.3882954504438341,Q8WVZ7
27,0.30754716981132074,0.666792094707489,7.1153375795213885,0.2361419726546543,1.6802298521319738,Q8WVZ9
8,0.22549019607843138,0.576315701007843,2.526437328201863,0.3059489762518394,0.7729609141277924,Q8WWF5
9,0.11185682326621924,0.17077505588531494,6.396010685127393,0.2495517497786107,1.5961356580762314,Q8WWI1
0,0.0,0.5,0.0,0.10849855557877627,0.0,Q8WWX0
0,0.0,0.5,0.0,0.08505287926590055,0.0,Q8WXH4
7,0.1971153846153846,0.3057640790939331,3.7976482397475233,0.07345588694791262,0.2789596197668334,Q8WXH5
6,0.23369565217391305,0.19592292606830597,4.054849682006288,0.09136969938331288,0.3704903964894363,Q8WXH6
0,0.0,0.5,0.0,0.11019818744421729,0.0,Q8WXI3
0,0.0,0.5,0.0,0.19744338704601402,0.0,Q8WXJ9
0,0.0,0.5,0.0,0.19126597749603205,0.0,Q8WXK1
0,0.015444015444015444,0.5,0.0,0.1532559970342516,0.0,Q8WXK3
0,0.0,0.5,0.0,0.14839992019813647,0.0,Q8WXK4
17,0.23622047244094488,0.37424787878990173,8.042319901049169,0.05533604007513897,0.4450301363415444,Q8WY64
10,0.2413793103448276,0.4965432286262512,3.704316034900681,0.29269424014553036,1.0842319670941587,Q8WZ19
6,0.10486891385767791,0.20676088333129883,3.967902837340362,0.09299906412106025,0.3690112503959532,Q9BWX1
7,0.0749185667752443,0.22794033586978912,4.437226314596967,0.10726034352833419,0.47593841881663496,Q9BZY9
15,0.24941176470588236,0.6895229816436768,3.777280241453296,0.14820306748249326,0.5598045185243913,Q9BX70
14,0.10741687979539642,0.29100459814071655,7.822843702956752,0.3004133695084045,2.350086835942842,Q9UKC9
18,0.2087912087912088,0.5201908946037292,6.359755725592413,0.10961239551330419,0.6971080599616364,Q9UDY6
33,0.3075684380032206,0.23480570316314697,20.633091184383737,0.01586625297152948,0.3273698443160672,Q9UDY8
13,0.11436170212765957,0.3238323926925659,6.80246177278617,0.3005964173442776,2.044795638020926,Q9UF56
27,0.26306306306306304,0.7884889841079712,5.578159580959155,0.09886787151805479,0.5515007647574761,Q9UH77
14,0.15367483296213807,0.4933362901210785,5.219411986959251,0.08734146473975543,0.45587108802125825,Q9UH90
2,0.03463203463203463,0.5,0.0,0.3209359434480744,0.0,Q9UHC7
33,0.2041942604856512,0.6677525639533997,8.679834256005279,0.08363645994684514,0.7259506100976398,Q9UII4
0,0.0,0.5,0.0,0.1309951739482591,0.0,Q9UJ41
5,0.16216216216216217,0.5,0.0,0.13328980894535525,0.0,Q9UJ55
27,0.2805755395683453,0.7924050688743591,5.534641133830075,0.21515413180949877,1.1908009080263495,Q9UJP4
13,0.10626702997275204,0.3191911578178406,6.865899391799697,0.25342992681369336,1.740024380373979,Q9UJT9
31,0.29482758620689653,0.37813740968704224,14.551766353439273,0.189262096027446,2.7540978009535815,Q9UJV3
0,0.0,0.5,0.0,0.2424752435205845,0.0,Q9UJX2
0,0.0,0.5,0.0,0.18178598432599904,0.0,Q9UJX3
0,0.0,0.5,0.0,0.08581125793455908,0.0,Q9UJX4
29,0.30275229357798167,0.29277557134628296,16.147168145955252,0.11963265029069176,1.9317285199900622,Q9UJX5
8,0.04754601226993865,0.2258612960577011,5.092245791014321,0.09256752913171935,0.4713766106055934,Q9UJX6
11,0.30522088353413657,0.34145522117614746,5.556591220711929,0.11512495155560891,0.6397022950987826,Q9UK22
73,0.46439628482972134,0.5225328207015991,25.67181762515882,0.09825335737367738,2.522342271556599,Q9UK96
9,0.27439024390243905,0.4084871709346771,3.9758964133194037,0.08475498588099536,0.33697704437518616,Q9UK97
15,0.3022113022113022,0.28629180788993835,8.460993361332527,0.04758217998431996,0.4025925089650606,Q9UK99
6,0.052109181141439205,0.5099204182624817,2.1639140297073425,0.04370076829714621,0.09456470562718454,Q9UKA1
20,0.19428571428571428,0.16427230834960938,14.399416095767227,0.23257416747641327,3.348932210619528,Q9UKA2
0,0.022988505747126436,0.5,0.0,0.16057132771536134,0.0,Q9UBV8
16,0.16585365853658537,0.4857064485549927,6.056764975582221,0.12315294713438149,0.7459084568432506,Q9UBS8
20,0.11764705882352941,0.3275732696056366,10.387318990676082,0.049943836695565284,0.5187825633750702,Q9UBN7
6,0.058704453441295545,0.07772950083017349,5.136133030183538,0.14350851072700613,0.7370788020574248,Q9P203
2,0.07142857142857142,0.5,0.0,0.1559947875669532,0.0,Q9NYG5
28,0.47575757575757577,0.33128610253334045,14.434660665916521,0.2565230065858004,3.7028225530666976,Q9NYS7
30,0.4778761061946903,0.332258015871048,15.435674400227061,0.28254108333482464,4.361212167043774,Q9NZJ0
2,0.015957446808510637,0.5,0.0,0.12863884090646296,0.0,Q9NZS9
3,0.18857142857142858,0.5,0.0,0.18305478859961494,0.0,Q9P000
0,0.0,0.5,0.0,0.1635102410239709,0.0,Q9P086
4,0.10204081632653061,0.5,0.0,0.14796789480686573,0.0,Q9P0J7
2,0.09032258064516129,0.5,0.0,0.13807749684265846,0.0,Q9P0N8
3,0.07692307692307693,0.5,0.0,0.13708764098859924,0.0,Q9P0P0
0,0.0,0.5,0.0,0.09424884460167238,0.0,Q9P0U1
29,0.21604938271604937,1.120659351348877,3.0832280837965826,0.15251317414530194,0.4702329016737538,Q9P253
3,0.14792899408284024,0.5,0.0,0.1144262003915446,0.0,Q9UBI1
14,0.2542372881355932,0.4646993577480316,5.5270742903878975,0.10184422959754494,0.5629006230329529,Q9P275
2,0.09090909090909091,0.5,0.0,0.12592849378158827,0.0,Q9P2E8
11,0.05642633228840126,0.2893138527870178,6.167339633534707,0.05071495483700246,0.31277635097916795,Q9P2G1
27,0.23008849557522124,0.8207835555076599,5.22925988662349,0.1179353812269872,0.6167147582639332,Q9P2G9
29,0.27972027972027974,0.786139190196991,6.019579760104596,0.09729996262135426,0.5857048856544379,Q9P2J3
29,0.39294117647058824,0.7150210738182068,6.939666248375034,0.07145868635312258,0.4958994338379824,Q9P2K6
29,0.2844677137870855,0.7973222732543945,5.886439310153913,0.056944025025287164,0.33519754738723856,Q9P2N7
30,0.23283983849259757,0.3006954789161682,16.441463787439954,0.27815964669850773,4.573351758320606,Q9P2P5
5,0.15428571428571428,0.5,0.0,0.1708917062129678,0.0,Q9UBF1
3,0.1411764705882353,0.5,0.0,0.19083610086196506,0.0,Q9UBF6
28,0.37360178970917224,0.32982102036476135,14.477018621397413,0.15358338934570717,2.2234295874951315,Q9UKB1
4,0.09090909090909091,0.5,0.0,0.22419241486838162,0.0,Q9UKT4
6,0.2838709677419355,0.04120407998561859,5.5253760545351716,0.05938063965314812,0.3281003644424863,Q9NXV2
8,0.18382352941176472,0.4894794821739197,3.005616116233836,0.06633499410691314,0.19937752735801467,Q9UKT5
7,0.12396694214876033,0.34664779901504517,3.49948057740114,0.05684848762396702,0.19894017829470168,Q9Y314
4,0.12857142857142856,0.5,0.0,0.22637761521105362,0.0,Q9Y385
5,0.22115384615384615,0.5,0.0,0.10961842068908524,0.0,Q9Y3C5
0,0.0,0.5,0.0,0.14356128134667331,0.0,Q9Y3C7
8,0.2226148409893993,0.140642449259758,6.038506077312661,0.2901364617911848,1.751990787776062,Q9Y3I1
17,0.13131313131313133,0.25197455286979675,10.270382198754719,0.14493956346477535,1.4885847125039087,Q9Y4B4
29,0.202576112412178,0.3907449543476105,13.273982565508708,0.11424248359748938,1.5164527355134887,Q9Y4D8
20,0.22935779816513763,0.32135558128356934,10.517295694333493,0.29177081871003957,3.068639975351257,Q9Y4K3
6,0.2403846153846154,0.11530915647745132,4.76425490359161,0.2263839531436183,1.0785508588589368,Q9Y4L5
13,0.09534883720930233,0.3181140422821045,6.880706068378364,0.16033433389854537,1.103213424225124,Q9Y4X5
27,0.2692307692307692,0.769012987613678,5.799727251115978,0.09447653502023697,0.5479381347478813,Q9Y573
2,0.02962962962962963,0.5,0.0,0.09410886149468164,0.0,Q9Y574
0,0.0,0.5,0.0,0.16270512558008757,0.0,Q9Y575
1,0.012396694214876033,0.5,0.0,0.13307600807786685,0.0,Q9Y576
17,0.23039215686274508,0.4486941695213318,6.929758783453542,0.2417539517825826,1.6752965707999559,Q9Y577
34,0.4380165289256198,0.5897142291069031,10.453449988880168,0.12900045849747535,1.3484998414459703,Q9Y597
0,0.0,0.5,0.0,0.15458934513923447,0.0,Q9Y5U4
4,0.1415525114155251,0.5,0.0,0.07219854733667352,0.0,Q9Y5V3
3,0.16071428571428573,0.5,0.0,0.1654866870761343,0.0,Q9Y6G5
0,0.0,0.5,0.0,0.1484542989244384,0.0,Q9Y6H5
28,0.44537815126050423,0.3309071362018585,14.445605313843153,0.21139808624897563,3.0537733180544757,Q9Y6I7
8,0.2611111111111111,0.2586037516593933,4.769464518666894,0.1416512127597261,0.6756004332836487,Q9Y6U7
34,0.3401869158878505,0.4537053406238556,13.721306495292108,0.22098728451167068,3.032234262346952,Q9Y6Y0
4,0.1836734693877551,0.5,0.0,0.2659568385000058,0.0,Q9Y2X8
25,0.4712328767123288,0.3351805806159973,12.788095046378173,0.234607568847218,3.0001838890179346,Q9Y2U9
27,0.2513562386980108,0.773370087146759,5.7494068427804175,0.14436263588121181,0.8299995265772571,Q9Y2M5
28,0.408,0.3290824592113495,14.498418749951949,0.10986488641974292,1.592867129229342,Q9UM11
12,0.17721518987341772,0.28625863790512085,6.769243745595194,0.30006096262673443,2.0311857945582954,Q9UKT6
12,0.18461538461538463,0.30080899596214294,6.575092575335971,0.27656884064170123,1.818465730672527,Q9UKT7
28,0.3706293706293706,0.3111591637134552,15.02756502138484,0.094289542773296,1.4169422348623526,Q9UKT8
2,0.021686746987951807,0.5,0.0,0.21942457680495644,0.0,Q9UKV5
30,0.33384615384615385,0.47538989782333374,11.593186861273443,0.07213673239024913,0.8362946181618347,Q9UL63
10,0.23648648648648649,0.435769259929657,4.183074795530841,0.05334564900462726,0.22314883980249117,Q9ULK6
10,0.24691358024691357,0.44117221236228943,4.138116233691459,0.07853031176088576,0.3249675579345727,Q9ULT6
36,0.12947494033412887,0.30781111121177673,19.45096563804939,0.06250330363649931,1.2157496112981154,Q9ULT8
8,0.10752688172043011,0.18180806934833527,5.5612639022806665,0.11508306713726402,0.6400073070342088,Q9ULV8
11,0.1631578947368421,0.6450347304344177,3.027768295266478,0.13261426086641417,0.4015252545515268,Q9ULX5
9,0.4444444444444444,0.23152539134025574,5.664246039672665,0.22747827146620941,1.28849289826406,Q9UM13
25,0.15364238410596026,0.27128866314888,14.531206345034548,0.12495030736102208,1.815678699138501,Q9Y2K7
30,0.3593073593073593,0.7177084684371948,7.140483168982447,0.08597242745609975,0.6138846712468446,Q9UMS4
2,0.02877697841726619,0.5,0.0,0.06407048166096019,0.0,Q9UNE7
7,0.07385229540918163,0.3008004426956177,3.835536281112942,0.17810033313969298,0.683110289435594,Q9UPN9
17,0.18973214285714285,0.46349188685417175,6.727674693437101,0.15629305327516793,1.0514888192793639,Q9UPQ4
19,0.2084130019120459,0.3469434380531311,9.492975490629426,0.2994296356459315,2.842478192354927,Q9UPQ7
23,0.11688311688311688,0.3361191153526306,11.742984344723645,0.05146317178140606,0.604331220558875,Q9Y239
3,0.109375,0.5,0.0,0.6704825077195314,0.0,Q9Y252
28,0.38063063063063063,0.3297128975391388,14.480149552230174,0.16579785899103247,2.4007777936297203,Q9Y297
22,0.2727272727272727,0.4173319935798645,9.548446453167172,0.12215038137984092,1.1663463758393593,Q9Y2E6
15,0.24228028503562946,0.6364343166351318,4.200407598455895,0.10529206178177235,0.4422695763652441,Q9Y2F9
14,0.3022598870056497,0.35208675265312195,6.92323969650011,0.06920224954450796,0.47910376113364417,Q9NYA1
29,0.29642857142857143,0.747779905796051,6.499569983927841,0.14440709283823616,0.9385840060776808,Q9NXS3
3,0.03498542274052478,0.5,0.0,0.033550759256224624,0.0,Q9BY78
20,0.22716627634660422,0.19648075103759766,13.50109470584664,0.1484781764249186,2.0046179216642317,Q9H8W5
15,0.25653206650831356,0.6857163310050964,3.8061475623104273,0.13118794533039968,0.4993206783238143,Q9H0C5
3,0.15217391304347827,0.5,0.0,0.22669039303244465,0.0,Q9H0F5
11,0.2918287937743191,0.3416728675365448,5.554173003355511,0.31713749740965663,1.7614365264644432,Q9H0F6
27,0.3102189781021898,0.7309240102767944,6.258802328305171,0.11951788786767804,0.7480388348603396,Q9H0H3
29,0.2698170731707317,0.36687061190605164,13.923173443333386,0.06285203652525888,0.8750998058079044,Q9H0M0
4,0.15,0.5,0.0,0.19489404577690894,0.0,Q9H0X6
41,0.17078189300411523,0.44788581132888794,16.73998960421552,0.09217895968852084,1.5430748269132404,Q9H1A4
7,0.1650485436893204,0.4316207468509674,2.952548380840844,0.22635288737595732,0.6683178511205327,Q9H1B7
30,0.2436548223350254,0.5644279718399048,9.702091084349288,0.12225543574061391,1.1861333731122474,Q9H270
27,0.29061371841155237,0.6018213629722595,8.102674076192569,0.1683840002603362,1.364360673755029,Q9H2C0
15,0.32051282051282054,0.5676016211509705,4.820352021010025,0.13964828766695658,0.6731539056860034,Q9H2S5
10,0.18059299191374664,0.5474475622177124,3.3457469381860463,0.12799390183617687,0.4282352051748741,Q9H2X6
12,0.26582278481012656,0.3104407787322998,6.449645011545495,0.2739591458773162,1.7669392385748968,Q9H3F6
8,0.09885931558935361,0.45151957869529724,3.242687250315955,0.10731302770767442,0.3479825867404787,Q9H469
10,0.30991735537190085,0.3606927692890167,4.860783089290154,0.08060085572568386,0.3917832764937196,Q9H4M3
11,0.14098360655737704,0.19845449924468994,7.396347330114677,0.42676977021727414,3.1565374505201897,Q9H4P4
13,0.21584699453551912,0.531453013420105,4.490856005200624,0.16272502074893835,0.7307746366267659,Q9H5I1
0,0.0,0.5,0.0,0.06598641699064188,0.0,Q9H672
10,0.21138211382113822,0.4380400478839874,4.164120118447511,0.1255008305217541,0.5226005332575077,Q9H6Y7
0,0.0,0.5,0.0,0.11791774405747338,0.0,Q9H765
28,0.297029702970297,0.3177148401737213,14.831819362235208,0.17421756069009053,2.5839633898846723,Q9H7D7
4,0.09019607843137255,0.5,0.0,0.09850103074082249,0.0,Q9H832
2,0.042666666666666665,0.5,0.0,0.21750467625059908,0.0,Q9H871
3,0.18128654970760233,0.5,0.0,0.13489566199782732,0.0,Q9H0A8
8,0.1574468085106383,0.2032911628484726,5.327378166754349,0.0815819954149163,0.43461814117367853,Q9H040
3,0.055776892430278883,0.5,0.0,0.3808548255443071,0.0,Q9H000
28,0.25,0.3433689773082733,14.090017325751937,0.12866265736028898,1.8128590713837567,Q9C026
7,0.23039215686274508,0.23266087472438812,4.3955312490279805,0.16737512830832663,0.7357026067893174,Q9BYE7
17,0.20601851851851852,0.48600879311561584,6.43142259921778,0.14133586948262408,0.9089907050706431,Q9BYJ4
14,0.15777777777777777,0.26565465331077576,8.229687334287306,0.09828598265870994,0.808862906624367,Q9BYM8
7,0.08362369337979095,0.18140439689159393,4.87003612665904,0.1484912175919411,0.7231575941643416,Q9BYV2
8,0.0975609756097561,0.15650400519371033,5.849952439977934,0.1015280527473853,0.5939342798957751,Q9BYV6
14,0.1456140350877193,0.19706515967845917,9.439726528114035,0.0358392886694741,0.3383130840019714,Q9BYZ6
34,0.4126637554585153,0.33694902062416077,17.330405173903227,0.22924373088728567,3.9728867398538945,Q9BZK7
8,0.08211143695014662,0.4349234402179718,3.352125630702053,0.22239789357052292,0.7455056792518971,Q9BZR9
30,0.25297619047619047,0.5401116013526917,10.185592063904418,0.16681110616367642,1.69906987911186,Q8N653
17,0.23017902813299232,0.47478413581848145,6.577436451704851,0.16757410693742403,1.1022080393320994,Q9C019
18,0.203125,0.5417824983596802,6.090966434555568,0.15734700051646136,0.9583952987237638,Q9C029
28,0.5629139072847682,0.3287360966205597,14.508465649181408,0.3885483762977473,5.637240770561078,Q9GZS3
17,0.20140515222482436,0.4880269765853882,6.405515338443471,0.1705599032514709,1.0925240764007313,Q9C030
16,0.19148936170212766,0.48342615365982056,6.0844504792191545,0.15465392912450784,0.9409841731747369,Q9C035
17,0.2132701421800948,0.45781511068344116,6.804492955108136,0.20969726922161672,1.4268835911239053,Q9C037
39,0.3048211508553655,0.5549713969230652,12.85353476218827,0.11882761310911229,1.5273548558058334,Q9C040
28,0.4984984984984985,0.31213802099227905,14.99817411746379,0.2052691401321698,3.078662304644357,Q9C0C7
37,0.35435435435435436,0.4006722867488861,16.602832928517596,0.2671891888529393,4.436097462831487,Q9C0C9
12,0.05070422535211268,0.5394707322120667,4.079462278984424,0.02363631568125021,0.09642345823582828,Q9C0D3
27,0.2563176895306859,0.8075355887413025,5.369665888999407,0.054430407947309765,0.2922731048789915,Q9C0H6
3,0.13368983957219252,0.5,0.0,0.08828519307590335,0.0,Q9GZQ3
18,0.25396825396825395,0.2820553481578827,10.239584694184995,0.1491301699925677,1.5270310060971026,Q9GZR1
4,0.115,0.5,0.0,0.2171043670294007,0.0,Q9H8T0
2,0.02112676056338028,0.5,0.0,0.03463796118500841,0.0,Q9H920
13,0.2275132275132275,0.25169387459754944,7.8582317132851385,0.0415452751312576,0.3264723985736049,Q9NXR7
0,0.028368794326241134,0.5,0.0,0.06950501601353157,0.0,Q9H992
4,0.19333333333333333,0.5,0.0,0.23483003636231833,0.0,Q9NSE2
9,0.32894736842105265,0.2791467607021332,5.149661868570751,0.23285676683442547,1.1991336130059111,Q9NTX7
29,0.3581081081081081,0.3430536985397339,14.60243700458113,0.08485399672995757,1.2390751418361385,Q9NV06
10,0.11458333333333333,0.44580262899398804,4.09997073141728,0.24574860688455297,1.0075620955132383,Q9NV58
9,0.1872791519434629,0.3218991160392761,4.727640993678215,0.11426461955458203,0.5402020995332875,Q9NV79
0,0.0,0.5,0.0,0.08773022513677206,0.0,Q9NV92
21,0.2676659528907923,0.44819343090057373,8.568867492024772,0.04331695042120332,0.3711772083178979,Q9NVC6
0,0.0,0.5,0.0,0.0754441179602885,0.0,Q9NVF7
6,0.08483290488431877,0.3148898184299469,3.196255065244906,0.05734879377228675,0.18330137258035706,Q9NVN8
23,0.24162257495590828,0.7101645469665527,5.557593117469699,0.17969438232790796,0.9986682624735499,Q9NVR0
4,0.13076923076923078,0.5,0.0,0.3989113878815394,0.0,Q9NVW2
20,0.3112244897959184,0.6654068827629089,5.2852425273756545,0.23363115390034478,1.2347973103139487,Q9NVX7
15,0.23184357541899442,0.37083807587623596,7.1447230506482935,0.3073180681341714,2.1957024852789173,Q9NW38
11,0.1152073732718894,0.31935107707977295,5.8077493386128145,0.17858063920198267,1.0371515892143686,Q9NWF9
0,0.01904761904761905,0.5,0.0,0.3903939921519296,0.0,Q9NWN3
2,0.03211009174311927,0.5,0.0,0.14789251598890446,0.0,Q9NWU2
1,0.0215633423180593,0.5,0.0,0.1444162880871471,0.0,Q9NWX5
7,0.12207792207792208,0.28603336215019226,3.950505023357379,0.13831789262721628,0.5464255296440245,Q9NWZ3
3,0.2,0.5,0.0,0.06937514797078802,0.0,Q9NX08
0,0.01702127659574468,0.5,0.0,0.3182339723722205,0.0,Q9NX47
31,0.24583333333333332,0.5655211806297302,10.003598149495152,0.027938414613506206,0.279484672727499,Q9NXC5
5,0.1487603305785124,0.5,0.0,0.2996227933013495,0.0,Q9NXI6
11,0.19141914191419143,0.33779701590538025,5.597394608445732,0.1773721176806923,0.9928217351945089,Q9NXK8
4,0.058577405857740586,0.5,0.0,0.2020261532979713,0.0,Q9NS91
0,0.0,0.5,0.0,0.1420912088845402,0.0,Q9NS69
4,0.08629441624365482,0.5,0.0,0.15772672602808985,0.0,Q9NS56
2,0.055900621118012424,0.5,0.0,0.14276456978015997,0.0,Q9HCI7
2,0.0963855421686747,0.5,0.0,0.26466690905735724,0.0,Q9H9V4
25,0.3253333333333333,0.463776171207428,9.88801564023781,0.09323598777470889,0.9219189053493427,Q9HAT8
23,0.24731182795698925,0.3391020596027374,11.67313557162967,0.2017414227742327,2.354954978457076,Q9HAU4
5,0.1206896551724138,0.5,0.0,0.16869131078995186,0.0,Q9HAY2
5,0.05275779376498801,0.5,0.0,0.17699726997597862,0.0,Q9HBD1
4,0.17,0.5,0.0,0.11042037677747002,0.0,Q9HBE1
20,0.09709821428571429,0.3216591477394104,10.510912235975482,0.07176355919856245,0.7543004724773209,Q9HC29
4,0.16170212765957448,0.5,0.0,0.2036907255553983,0.0,Q9HC78
19,0.24242424242424243,0.25286006927490234,11.458351360720547,0.041441680661828136,0.4748533380020048,Q9HCE7
10,0.15428571428571428,0.22065229713916779,6.431967626790206,0.2599666749936481,1.6720972376034355,Q9HCI5
17,0.20137299771167047,0.5402957797050476,5.769709800105661,0.1368176214028214,0.7893979710350045,Q9HCM9
5,0.14792899408284024,0.5,0.0,0.15396603456826263,0.0,Q9NRW4
3,0.09340659340659341,0.5,0.0,0.13749321029002357,0.0,Q9NPC3
4,0.1513157894736842,0.5,0.0,0.2466859674791231,0.0,Q9NPD8
28,0.2557726465364121,0.3989381194114685,12.607958875755932,0.05025127737301221,0.6335660385731425,Q9NQ86
9,0.11174785100286533,0.6939300298690796,2.246479934508828,0.09133473153333822,0.20518164171339504,Q9NQC1
27,0.25316455696202533,0.8155160546302795,5.2846413584423,0.061649125825830195,0.3257935200509956,Q9NR64
10,0.12464589235127478,0.39802178740501404,4.5111022193253785,0.16555450687619302,0.746833303388513,Q9NRC8
0,0.0,0.5,0.0,0.11275348010399247,0.0,Q9NRD0
11,0.30158730158730157,0.3459126353263855,5.507275312083585,0.0876689918535344,0.4828172744702269,Q9NRD1
42,0.5122873345935728,0.4180538058280945,18.20255568772973,0.12444768632065917,2.26526594046092,Q9NRJ4
2,0.19393939393939394,0.5,0.0,0.17475973586375926,0.0,Q8N668
15,0.1783625730994152,0.40859636664390564,6.625047010783291,0.18318052734408918,1.213579605114665,A0A0G2JMD5
6,0.2925170068027211,0.03169234097003937,5.631494091333972,0.06137478248405572,0.3456317249158676,Q8N5Z5
13,0.2049335863377609,0.18359728157520294,9.004773218083004,0.12388311347164808,1.1155393423622344,P43403
0,0.0,0.5,0.0,0.23959257328416847,0.0,P30260
7,0.21287128712871287,0.15011808276176453,5.184502999314936,0.13242466035731268,0.6865560488057493,P35226
7,0.22395833333333334,0.12297125905752182,5.473770208064765,0.24704481620826907,1.3522665550176587,P35227
12,0.13197026022304834,0.3361710011959076,6.126138687995667,0.04972147115975961,0.30460062809586413,P35240
21,0.1976284584980237,0.2274048924446106,13.325941881361068,0.14301318396937432,1.9057853778442806,P36406
9,0.15123456790123457,0.2524581551551819,5.432004762613798,0.2685039982295425,1.4585149971637217,P38398
0,0.0,0.5,0.0,0.11208341157860878,0.0,P41002
29,0.170995670995671,0.3872355818748474,13.367476986478735,0.060637738388405756,0.8105735724191321,P41226
5,0.15819209039548024,0.5,0.0,0.11910289324574001,0.0,P43356
5,0.15469613259668508,0.5,0.0,0.12096508563750806,0.0,P43357
5,0.14659685863874344,0.5,0.0,0.11202384361075073,0.0,P43360
19,0.6560283687943262,0.0476967915892601,17.271286729065107,0.3740263505455607,6.459916344498196,P45880
20,0.22709163346613545,0.2542886435985565,12.027010391674036,0.10267312736106317,1.2348507697171784,P53350
23,0.20933734939759036,0.35534700751304626,11.29997146962383,0.07920582570495478,0.8950235706939869,P45974
6,0.07510729613733906,0.3855072557926178,2.7752614462985625,0.09736841794804456,0.27022281641829304,P46379
21,0.22435897435897437,0.38700976967811584,9.684269793135822,0.07520973307752468,0.7283513461924803,P46934
7,0.17434210526315788,0.3798378109931946,3.274727066263679,0.1406469405923684,0.4605803431450085,P48730
4,0.12234042553191489,0.5,0.0,0.20987238665418864,0.0,P49427
4,0.18120805369127516,0.5,0.0,0.26285258846249904,0.0,P49459
5,0.208,0.5,0.0,0.20705501013307853,0.0,P49773
14,0.15020576131687244,0.3028148114681244,7.640229994206234,0.19156924160968242,1.4636330657136367,P49902
12,0.1518987341772152,0.27685490250587463,6.897760852290149,0.1957134494572357,1.349984569932787,P50876
9,0.14035087719298245,0.3074873685836792,4.865890982420671,0.08545019147429138,0.41579131614087417,P51617
4,0.1836734693877551,0.5,0.0,0.26756741659378147,0.0,P51668
13,0.10720887245841035,0.308369517326355,7.01611974827835,0.18376035536153607,1.2892846582027206,P29590
3,0.07024793388429752,0.5,0.0,0.31918909135871687,0.0,P28328
8,0.09761904761904762,0.1457444578409195,5.977202361669268,0.17828729748383282,1.065659255575997,P22681
14,0.09927360774818401,0.389100581407547,6.429238916626753,0.0915569175672117,0.588641297509505,P21675
13,0.16049382716049382,0.39494916796684265,5.90058218535727,0.18834621270034302,1.1113523073391551,O95522
4,0.17573221757322174,0.5,0.0,0.11233823734942983,0.0,O95628
22,0.1317365269461078,0.15867377817630768,16.01770858884605,0.2336601233650522,3.742699764895225,O95786
19,0.6901408450704225,0.07303625345230103,16.41780591306379,0.33227143743037724,5.455167970186653,O96008
14,0.25956284153005466,0.25414004921913147,8.421409650596166,0.08013814089004605,0.674876113072269,O96017
16,0.1988527724665392,0.20792238414287567,10.556522907714616,0.09762422030974707,1.0305723180476234,P00519
8,0.35526315789473684,0.10999114066362381,6.4202641412513115,0.14145232354075105,0.9081612805253627,P05161
38,0.5644820295983086,0.5232579112052917,13.34404659331829,0.036398496782634855,0.48570323699422535,P05362
6,0.23076923076923078,0.16223272681236267,4.337482087594888,0.1412122134371372,0.6125054463332088,P0C0E4
15,0.34959349593495936,0.3821750581264496,6.9845466333142845,0.21120055390364997,1.4751401177218504,P0C2W1
36,0.3552833078101072,0.3304028809070587,18.591661553801117,0.18607865122233944,3.4595113059135354,P0CG48
15,0.22955145118733508,0.41285157203674316,6.568904376540681,0.11706368415945914,0.7689801472090472,P0CI25
15,0.22192513368983957,0.4169304668903351,6.51553462162628,0.11944500492025599,0.7782480649382493,P0CI26
25,0.28619528619528617,0.2932201325893402,13.907601479534357,0.10941209827117024,1.5216598597950857,P0DMV8
25,0.28888888888888886,0.28372952342033386,14.174105988458102,0.10484722788421619,1.4861157206269,P0DMV9
13,0.19047619047619047,0.36988577246665955,6.203898051832841,0.1668417291712914,1.035069078570197,P0DUQ1
13,0.19143576826196473,0.3681621253490448,6.225321619276971,0.1718313820336186,1.0697056174441264,P0DUQ2
3,0.07142857142857142,0.5,0.0,0.11127837233929809,0.0,P10909
21,0.208955223880597,0.29815661907196045,11.567612873676453,0.1827128617785057,2.113551652095309,P14373
15,0.11218335343787696,0.24936293065547943,9.109559346469208,0.05848545452050812,0.5327767188597945,P15918
19,0.19599109131403117,0.29188063740730286,10.598131418995655,0.22160209694117744,2.3485681461076133,P19474
13,0.13513513513513514,0.7744410634040833,2.762309846568535,0.07665204064968685,0.2117366866462016,P21580
4,0.15333333333333332,0.5,0.0,0.27710837508047065,0.0,P51965
0,0.012269938650306749,0.5,0.0,0.2785255092970415,0.0,P53611
11,0.08293838862559241,0.49989771842956543,4.047501737873774,0.06585632326664101,0.26655358287170655,O95376
3,0.05627705627705628,0.5,0.0,0.25680528668407815,0.0,Q13064
18,0.17073170731707318,0.43400564789772034,7.55613988145357,0.26677060770195576,2.015756028056353,Q05397
5,0.17154811715481172,0.5,0.0,0.33537914345250947,0.0,Q05516
7,0.16593886462882096,0.26732540130615234,4.101116880301226,0.31505130377872287,1.2920622200878298,Q06587
30,0.3063583815028902,0.6197147965431213,8.686479953527737,0.039375226127397925,0.3420321124212637,Q0D2K2
6,0.22702702702702704,0.1610596925020218,4.347670064386777,0.18819363976094416,0.818203853896646,Q12829
28,0.42091152815013405,0.32916516065597534,14.4960208679149,0.07619016457520307,1.1044542156120143,Q12834
18,0.20489977728285078,0.5089722871780396,6.504063812972967,0.1349070147284706,0.8774438326116567,Q12899
17,0.19745222929936307,0.42689692974090576,7.238539681293911,0.26717582128178863,1.9339627842305174,Q12933
16,0.14573643410852713,0.34285968542099,8.059643714601748,0.0768972618773943,0.6197645333602256,Q12986
0,0.0,0.5,0.0,0.12825765252871546,0.0,Q13042
29,0.33595284872298625,0.773173451423645,6.177717873509216,0.23424031798943168,1.4470705991397945,Q13049
7,0.2,0.2053890973329544,4.64193801363936,0.197371917835864,0.9161882082272016,Q13077
8,0.04127579737335835,0.5318657755851746,2.761323214844219,0.13018331062336305,0.3594781978095684,P53804
13,0.1596153846153846,0.19620998203754425,8.780465227117226,0.4022084503491842,3.531577312343717,Q13114
9,0.1,0.1779128611087799,6.30535236919581,0.12797440825657777,0.8069237382970444,Q13191
25,0.4328767123287671,0.3259854018688202,13.025448503943698,0.24545038032866145,3.197101289244375,Q13216
11,0.1062215477996965,0.3809758722782135,5.134300069470049,0.2847028040562048,1.46174962664409,Q13233
9,0.09601873536299765,0.5309141278266907,3.1124068128089117,0.1806500573030794,0.5622564690844246,Q13263
10,0.1308411214953271,0.4179004728794098,4.335271106383797,0.12206374173093318,0.5291794126632088,Q13309
15,0.18009478672985782,0.3186323940753937,7.931049821510739,0.34683070496328894,2.7507316006935367,Q13356
4,0.16428571428571428,0.5,0.0,0.2677654482379711,0.0,Q13404
3,0.05726872246696035,0.5,0.0,0.44419187590972253,0.0,Q13434
0,0.0,0.5,0.0,0.21077645465106795,0.0,Q13503
6,0.23809523809523808,0.33703145384788513,3.057802624779673,0.12797713897130777,0.3913288314582579,Q13526
11,0.06882022471910113,0.2785821259021759,6.301142845504017,0.09431571470002524,0.594296790900662,Q05086
4,0.12980769230769232,0.5,0.0,0.20777422428903408,0.0,Q04323
7,0.35964912280701755,0.2629387676715851,4.137255369306789,0.2137435214841178,0.8843115319147075,Q01151
14,0.15527950310559005,0.12003040313720703,11.012120428556553,0.22224667200419207,2.447407116956071,Q008S8
22,0.1826086956521739,0.34029296040534973,11.139045321169554,0.07702811905474367,0.858019709155234,P55072
24,0.5594405594405595,0.35072338581085205,11.900817065493186,0.26009602279561417,3.0953551867529496,P55735
55,0.4181360201511335,0.294365257024765,30.52672932644165,0.1943977068243776,5.9343261779087335,P57737
28,0.4151436031331593,0.3127976059913635,14.978402020386648,0.15882008113538967,2.378871024156292,P57775
22,0.12396694214876033,0.40197086334228516,9.846349000980549,0.07490030752230573,0.7374945681453908,P59046
0,0.0,0.5,0.0,0.2811764893089462,0.0,P60006
4,0.1402439024390244,0.5,0.0,0.25587703512718296,0.0,P60604
6,0.25842696629213485,0.2138632833957672,3.9119379963239433,0.19822399281297626,0.7754399692681261,P60953
4,0.1836734693877551,0.5,0.0,0.26357304185253694,0.0,P61077
6,0.16455696202531644,0.32031866908073425,3.16173880517567,0.25974221281855003,0.821237033610607,P61081
4,0.115,0.5,0.0,0.24205822227916246,0.0,P61086
4,0.15333333333333332,0.5,0.0,0.26587684366768843,0.0,P61088
28,0.5372670807453416,0.3124423623085022,14.989047767167317,0.36753442862514135,5.50899110674079,P61962
4,0.13690476190476192,0.5,0.0,0.2757934054559523,0.0,P62253
4,0.1518987341772152,0.5,0.0,0.31294871921950523,0.0,P62256
9,0.5585585585585585,0.36569660902023315,4.33114247952456,0.26728983829091624,1.1576703729670377,P62699
4,0.1836734693877551,0.5,0.0,0.2684783479978268,0.0,P62837
3,0.14102564102564102,0.5,0.0,0.19051920155534932,0.0,P62877
4,0.18,0.5,0.0,0.2643389578639824,0.0,P63146
3,0.0945945945945946,0.5,0.0,0.10405016705324134,0.0,P63208
4,0.16883116883116883,0.5,0.0,0.2941158961469491,0.0,P68036
13,0.18932038834951456,0.35505935549736023,6.39061588559287,0.2131953375425802,1.362449510833947,P78395
6,0.1881918819188192,0.29087916016578674,3.353488505357955,0.11211544625496926,0.375977860289117,Q00535
15,0.1631578947368421,0.37777936458587646,7.04622119158421,0.19992374694072085,1.4087069423946261,O95521
18,0.23059360730593606,0.48924627900123596,6.765791133658919,0.05982703638669518,0.4047772323381918,O95361
12,0.21236559139784947,0.34159988164901733,6.059982343662702,0.20323020541508252,1.231571456514344,Q8N5U6
4,0.17964071856287425,0.5,0.0,0.06128284220883568,0.0,O14512
15,0.3146067415730337,0.6789889335632324,3.8577045637134124,0.13079496375844055,0.5045683286016664,F8VTS6
13,0.19298245614035087,0.3680572509765625,6.226627509623258,0.169077500328156,1.0527826148016315,H0Y7S4
15,0.23055555555555557,0.3780158758163452,7.042888958868449,0.1699748621233761,1.1971140797339124,I1YAP6
6,0.15384615384615385,0.1659516543149948,4.305340206244423,0.07824261156222433,0.3368610614004091,M0QZC1
13,0.14168377823408623,0.5214287638664246,4.581799522171329,0.2372310735154603,1.0869452192773272,O00237
29,0.28818897637795277,0.2749195396900177,16.73423716819521,0.13418782188713752,2.2455308365428954,O00308
17,0.1743486973947896,0.3586044907569885,8.297915697988937,0.21533563162932468,1.7868369180333363,O00463
5,0.06896551724137931,0.5,0.0,0.1596261848366838,0.0,O00623
19,0.20853080568720378,0.34524595737457275,9.525258544437024,0.0863489461244061,0.8224960368746316,O00635
4,0.18243243243243243,0.5,0.0,0.27335243501327555,0.0,O00762
4,0.19594594594594594,0.5,0.0,0.22786371252393575,0.0,O14508
6,0.2671232876712329,0.3270530104637146,3.119439843305771,0.2947469283139371,0.9194453118744853,O14543
4,0.16352201257861634,0.5,0.0,0.2713300339582478,0.0,O15524
4,0.2127659574468085,0.5,0.0,0.13758701556957892,0.0,O14544
10,0.2169576059850374,0.2959337532520294,5.532930409539656,0.15252228819812413,0.8438952065039724,O14929
4,0.14473684210526316,0.5,0.0,0.3068122126497426,0.0,O14933
7,0.1968503937007874,0.33473822474479675,3.583835872517863,0.20051663303117795,0.7186187024936358,O14965
5,0.06266318537859007,0.5,0.0,0.1426060737793967,0.0,O15027
30,0.2900976290097629,0.2685193717479706,17.534294310656847,0.14122747716525708,2.476324149367187,O15033
12,0.26153846153846155,0.3451671004295349,6.016901639044008,0.16322135360511297,0.9820868300335858,O15105
7,0.1893491124260355,0.1466168463230133,5.220934748249889,0.41583341386988015,2.171039119956635,O15151
10,0.08196721311475409,0.3127243220806122,5.350213404654354,0.1931851000831049,1.0335815120441207,O15164
5,0.10542168674698796,0.5,0.0,0.09468755527100786,0.0,O15169
29,0.2657580919931857,0.3588338792324066,14.14877533416841,0.16487839561019307,2.332827376946761,O15344
7,0.183206106870229,0.14855223894119263,5.200764693265848,0.11765421376463356,0.611891880961059,E7ERA6
27,0.40232558139534885,0.5109008550643921,9.718537613579064,0.16504194550312365,1.6039663551903733,C9JR72
3,0.048327137546468404,0.5,0.0,0.08642959056232079,0.0,C9JJ37
15,0.19121447028423771,0.41621220111846924,6.524901118658,0.1352998689947922,0.8828182665584005,C9J1S8
14,0.22194513715710723,0.4888460338115692,5.266496085399684,0.15778796549172433,0.8309897025853465,A0A3B3IT33
4,0.09375,0.5,0.0,0.3097382817319373,0.0,A0A7I2V3R4
8,0.15835777126099707,0.5391801595687866,2.721222485514067,0.10050959016787839,0.27350895677463427,A0AVI4
4,0.18243243243243243,0.5,0.0,0.33925818473363417,0.0,A1L167
14,0.15158924205378974,0.4055970013141632,6.220581101009825,0.17975774096271668,1.118197606192895,A3QJZ6
14,0.1989795918367347,0.3593464195728302,6.823445096794815,0.1708473263996536,1.1657673516222198,A3QJZ7
15,0.20393120393120392,0.42284342646598816,6.438936251731319,0.12543123224449682,0.8076437083984209,A6NCK2
14,0.2133676092544987,0.36627620458602905,6.729527414367012,0.09771332188199879,0.6575644783537788,A6NDI0
10,0.23057644110275688,0.4622029960155487,3.967670318688543,0.04701050646483109,0.1865221911670262,A6NE02
15,0.23255813953488372,0.37507346272468567,7.0844573275686695,0.18674026160628002,1.3229534146887008,A6NGJ6
14,0.1925,0.3690769374370575,6.691937574749224,0.17314370875819615,1.1586668904704092,A6NGN4
15,0.21808510638297873,0.3775554597377777,7.049377264362608,0.17982240813023667,1.2676359954962242,A6NI03
4,0.125,0.5,0.0,0.14242745718963976,0.0,A6NIN4
16,0.20623501199040767,0.5884910821914673,4.931319295619045,0.1556662284321361,0.7676398759436347,A6NK02
0,0.0,0.5,0.0,0.17024443205825276,0.0,A6NK59
15,0.216,0.37835192680358887,7.038157009647433,0.15427915644198584,1.0858409263546556,A6NLI5
15,0.30970149253731344,0.6683914661407471,3.9403410040688147,0.14289494003096936,0.5630547914779829,A6NLU0
2,0.0872093023255814,0.5,0.0,0.17639386696250003,0.0,A6NNE9
3,0.03278688524590164,0.5,0.0,0.043795559911786755,0.0,A6QL63
5,0.032908704883227176,0.5,0.0,0.1446759437874981,0.0,A7E2V4
25,0.41690962099125367,0.24553784728050232,15.299193740449093,0.2264799612713031,3.4649608058190733,A8MQ27
3,0.08461538461538462,0.5,0.0,0.09274588736808868,0.0,A8MTL3
6,0.21212121212121213,0.3460797369480133,3.002964583820342,0.1404906568994789,0.42188846702679006,B2RXH4
5,0.13903743315508021,0.5,0.0,0.32396408101605817,0.0,O15479
3,0.05291005291005291,0.5,0.0,0.05723911303889388,0.0,O15541
12,0.21451104100946372,0.2914296090602875,6.699597377410252,0.12435672019047081,0.8331399564514188,O95278
27,0.4329608938547486,0.23680052161216736,16.81440270124702,0.27609143321238755,4.64231254039753,O76050
7,0.22685185185185186,0.33288252353668213,3.5971616429865287,0.12005608252301506,0.43186113505901513,O75159
0,0.023529411764705882,0.5,0.0,0.1524218747174567,0.0,O75340
4,0.168141592920354,0.5,0.0,0.21831295094192135,0.0,O75368
40,0.3426791277258567,0.5135544538497925,14.321623763561497,0.1047318207760616,1.4999297332275074,O75382
25,0.37089201877934275,0.2869769036769867,14.082346863890077,0.18887188345288264,2.6597593756197138,O75426
13,0.17695473251028807,0.1863553524017334,8.955238359709224,0.2598503948540439,2.327022223782522,O75582
6,0.2654320987654321,0.3516344726085663,2.9697878640294526,0.0885224680346361,0.26289295126319745,O75586
15,0.2981132075471698,0.7080919146537781,3.6395730171765925,0.0674363178051383,0.24543940266132677,O75677
15,0.3151750972762646,0.6494079828262329,4.092820067241421,0.16226120613547834,0.6641059206060825,O75678
15,0.31203007518796994,0.6640799641609192,3.9744654965190245,0.17468445335416244,0.6942773326344056,O75679
12,0.16991643454038996,0.5534821152687073,3.9667313548055994,0.04890199171648952,0.19398106385424266,O76064
17,0.164969450101833,0.7736353874206543,3.6180766381625284,0.08274458231402346,0.2993762402048846,O15553
5,0.022790055248618785,0.5,0.0,0.2534922520955284,0.0,O94822
27,0.25133689839572193,0.7136484384536743,6.478830327767058,0.1279957700637123,0.8292628769146781,O94889
7,0.19863013698630136,0.22953970730304718,4.423055445142795,0.31240700393119863,1.3817934998386348,O94905
14,0.2874617737003058,0.38458073139190674,6.487620787601534,0.18467006837406008,1.1980693744313489,O94941
11,0.09944751381215469,0.2605312168598175,6.532781691824656,0.07252963507505193,0.4738202721330227,O94952
13,0.1951219512195122,0.31165915727615356,6.970110253285474,0.188249674082537,1.31212098350034,O94972
2,0.01263157894736842,0.5,0.0,0.06852217196713745,0.0,O95155
4,0.19130434782608696,0.5,0.0,0.24267613823153517,0.0,O95166
28,0.39149888143176736,0.35792607069015503,13.685711998467475,0.1359627312131589,1.8607467819083372,O95170
27,0.26523297491039427,0.7465311884880066,6.066455450933206,0.1990522261899034,1.2075414625901288,O95198
2,0.01048951048951049,0.5,0.0,0.3111328976344917,0.0,O75155
2,0.011347517730496455,0.5,0.0,0.025671530343263093,0.0,O75150
141,0.5955974842767295,0.33294257521629333,72.44841127433011,0.20912234507674793,15.150581662772616,O75147
14,0.16630669546436286,0.20918592810630798,9.213644409936192,0.30609143784803733,2.8202176652579003,O75113
3,0.1523809523809524,0.5,0.0,0.3305009687482633,0.0,O43164
11,0.35294117647058826,0.5829167366027832,3.4282907028081833,0.1653583398699286,0.5668964592078719,O43255
7,0.11733333333333333,0.3597809374332428,3.408758927566004,0.028138761069202833,0.09591825300529187,O43353
2,0.0449438202247191,0.5,0.0,0.20152606823459243,0.0,O43513
11,0.1843137254901961,0.5036622285842896,4.017142446360458,0.07262131003055607,0.29173014703404926,O43567
13,0.13931297709923665,0.3658934533596039,6.253632223747826,0.18593199085525952,1.162750289438037,O43683
30,0.5496894409937888,0.36074376106262207,14.580862183995793,0.3301493051872478,4.813861519077227,O43684
4,0.1437908496732026,0.5,0.0,0.09431665292764187,0.0,O43734
11,0.30120481927710846,0.47622114419937134,4.2437740709355225,0.33915282601975905,1.4392879691471598,O43791
20,0.24324324324324326,0.4000438153743744,8.985791816176858,0.16878362089414622,1.5166544793353165,O60260
16,0.4,0.2769354283809662,9.195533393711532,0.09069552615680312,0.8339937394351209,O60291
2,0.021246458923512748,0.5,0.0,0.3829403463702123,0.0,O60337
23,0.23019431988041852,0.5485354065895081,7.678493758660684,0.101950270943041,0.782824519129906,O60524
27,0.307032590051458,0.7221201658248901,6.369981302615378,0.08160813764519985,0.5198423109411853,O60662
4,0.06642066420664207,0.5,0.0,0.24844109641441633,0.0,O60683
15,0.1976401179941003,0.3958214223384857,6.796497163359477,0.19449694431768544,1.3218979303372351,O60809
13,0.19143576826196473,0.3712913990020752,6.186481816576174,0.16214397745014583,1.0031007681626645,O60810
15,0.1641025641025641,0.37265077233314514,7.118867518879393,0.21720813013351703,1.5462759024440227,O60811
13,0.19338422391857507,0.36669808626174927,6.243576560545129,0.16697738865421807,1.0425361099425101,O60813
0,0.0,0.5,0.0,0.15329028015232118,0.0,O60826
4,0.061224489795918366,0.5,0.0,0.3453348414578763,0.0,O60858
34,0.4021505376344086,0.33400318026542664,17.432811765134552,0.23135456612697497,4.033160602295929,O60907
0,0.0,0.5,0.0,0.18353164688266688,0.0,O60927
9,0.05131761442441054,0.3109753429889679,4.832064897702731,0.05743706948177943,0.27753964726981917,Q13616
9,0.051094890510948905,0.31487488746643066,4.794525769508342,0.10398599906712841,0.49856355219541754,Q13617
9,0.05923836389280677,0.30686500668525696,4.871951443737077,0.0591373308037889,0.28811420418827643,Q13618
12,0.1807511737089202,0.2538807690143585,7.222095250892938,0.08714392498177714,0.6293617267550632,Q7Z6M2
4,0.03674540682414698,0.5,0.0,0.15340759222014572,0.0,Q7L5Y9
12,0.11582381729200653,0.17416444420814514,8.470400239890752,0.07030418510686033,0.5955045863944736,Q7L622
12,0.05951115834218916,0.3955320119857788,5.440345804310738,0.09387085565032607,0.5106899156843103,Q7Z3V4
12,0.14754098360655737,0.27922990918159485,6.865074088886265,0.20923003274648172,1.4363796764246965,Q7Z419
3,0.463768115942029,0.5,0.0,0.16480673547289945,0.0,Q7Z4G1
14,0.234192037470726,0.45729872584342957,5.6094904017359,0.04678341427293339,0.2624311133244541,Q7Z569
6,0.2703862660944206,0.3444954752922058,3.0124946372332193,0.08732732673341735,0.2630731034683329,Q7Z5Y7
10,0.1757188498402556,0.3518688380718231,4.947326931342529,0.2904667634212172,1.4370340413336866,Q7Z6E9
20,0.35514018691588783,0.19814443588256836,13.456246227652773,0.21914099603011356,2.9488152011542867,Q7Z6J0
20,0.5231316725978647,0.27056729793548584,11.641748871187902,0.138181679646469,1.6086764130431286,Q7Z6J8
3,0.04361370716510903,0.5,0.0,0.08161867182200203,0.0,Q7Z6K3
27,0.30916030534351147,0.6569681763648987,7.256521002853966,0.2412759927118727,1.7508243085981448,Q86V97
8,0.15857605177993528,0.18577894568443298,5.517272634922282,0.2574706464014006,1.4205357516861987,Q7Z7E8
13,0.0703448275862069,0.5558332800865173,4.2771324523739205,0.06718296969137925,0.2873504599138517,Q7Z7L7
7,0.19680851063829788,0.3561965525150299,3.4332833356357355,0.17837870757318164,0.6124246441432445,Q86SE9
10,0.18340611353711792,0.3907502591609955,4.577186804915525,0.19352822569750122,0.8858148410413161,Q86T96
2,0.015665796344647518,0.5,0.0,0.11173279939259802,0.0,Q86TM6
3,0.09615384615384616,0.5,0.0,0.12321148931360149,0.0,Q86UD3
6,0.07231920199501247,0.3879280090332031,2.7618574739115798,0.348900345534157,0.9636130269638442,Q86UK7
7,0.11057692307692307,0.5778037905693054,2.204063204190017,0.10275895969533005,0.22648724196532197,Q86UT8
7,0.1013215859030837,0.29945576190948486,3.845865308014881,0.04848831845725811,0.1864795417987466,Q86UV6
7,0.09913793103448276,0.3042740225791931,3.8089825411093647,0.03741421675997996,0.14251009842804505,Q86UV7
20,0.2868217054263566,0.5023283958435059,7.323405718532527,0.0943448921954443,0.6909259230184516,Q86UW9
22,0.30632411067193677,0.34286925196647644,11.081798076498265,0.08192438599400667,0.9078695031266845,Q7L5Y6
7,0.10112359550561797,0.1581609696149826,5.101773425750533,0.1322205139748846,0.6745591045361432,Q7L273
3,0.16,0.5,0.0,0.09398777630479138,0.0,Q7L0R7
31,0.22919334186939821,0.36789509654045105,14.852927909013223,0.23469755283153237,3.485945832628573,Q76N89
37,0.32298136645962733,0.5751684308052063,11.711614609100502,0.09852501344343506,1.1538869868059574,Q6PJI9
33,0.38992537313432835,0.5794393420219421,10.356650538094637,0.3502579609993575,3.6274993002559266,Q6Q0C0
0,0.014336917562724014,0.5,0.0,0.23707177464545937,0.0,Q6TCH7
27,0.25359712230215825,0.7794637084007263,5.67976267450674,0.11043728575769539,0.6272575735203931,Q6TDP4
27,0.28308823529411764,0.8232737183570862,5.203281214046612,0.13246354865879276,0.6892450942822457,Q6TFL4
10,0.05410122164048865,0.4979003071784973,3.6942755710790913,0.029619258214041894,0.10942170205361869,Q6UWE0
0,0.0,0.5,0.0,0.15684783728844862,0.0,Q6UX01
13,0.17889908256880735,0.3554643988609314,6.38544102881008,0.18687767542170877,1.1932963760064321,Q6VN20
28,0.44314868804664725,0.41609957814216614,12.182559184621283,0.14994282595061245,1.8266873514527042,Q6VVB1
10,0.04788732394366197,0.35410887002944946,4.925212165251968,0.03846778351113867,0.18946199531933924,Q6WRX3
31,0.47897196261682246,0.27471452951431274,17.89565857028155,0.23742005634076505,4.24878826601134,Q6X9E4
17,0.19912472647702406,0.45964235067367554,6.779671454290084,0.08314523194878239,0.5636973556034879,Q6ZMU5
8,0.10526315789473684,0.19954176247119904,5.367477273874045,0.26903401949288763,1.4440339855270612,Q6ZMZ0
3,0.09243697478991597,0.5,0.0,0.17924079036113003,0.0,Q6ZNA4
3,0.15151515151515152,0.5,0.0,0.08569650376600638,0.0,Q6ZSG1
18,0.08397480755773268,0.3571265637874603,8.812037022648443,0.23273212607615812,2.0508441113427907,Q6ZT12
9,0.3456221198156682,0.3859647214412689,4.1590851509604745,0.15177505092343652,0.6312453605819347,Q6ZVX7
1,0.010498687664041995,0.5,0.0,0.0996706099218077,0.0,Q6ZVZ8
7,0.27510917030567683,0.17924286425113678,4.891135184196723,0.15696426310974845,0.7677334299576024,Q6ZWB6
15,0.3835616438356164,0.6335275769233704,4.224897698974295,0.09243568115150194,0.39053129660010216,Q6ZWI9
4,0.14814814814814814,0.5,0.0,0.20612241157079766,0.0,Q712K3
9,0.27906976744186046,0.15342043340206146,6.621909089881466,0.16939451281857598,1.121715064209371,Q719H9
3,0.17346938775510204,0.5,0.0,0.12468969462449057,0.0,Q75N03
3,0.13068181818181818,0.5,0.0,0.18118949199460124,0.0,Q86UZ6
9,0.11090909090909092,0.6220585703849792,2.593757085017781,0.14297939815397107,0.37085382697344066,Q86VP1
9,0.05738880918220947,0.30733728408813477,4.8673517912414,0.09154251507816856,0.4455696247404666,Q13619
25,0.3389355742296919,0.46943244338035583,9.776787348494963,0.10384808404639387,1.015300634270225,Q8N2H9
27,0.2831215970961887,0.7542080283164978,5.974024431185436,0.17776886928647329,1.0619955682216016,Q8IXQ5
0,0.03125,0.5,0.0,0.03489946884001734,0.0,Q8IY31
29,0.3101503759398496,0.6737832427024841,7.536284921254915,0.1058352553458901,0.7976046390003952,Q8IY47
4,0.06735751295336788,0.5,0.0,0.3145684788064658,0.0,Q8IY92
17,0.21016166281755197,0.47713524103164673,6.546580563736143,0.16431275521815522,1.0756866896851094,Q8IYM9
9,0.05867014341590613,0.39619868993759155,4.074822540744592,0.15865648845081518,0.6464970353747658,Q8IYU2
2,0.02843601895734597,0.5,0.0,0.3116483585614434,0.0,Q8IYW5
6,0.1276595744680851,0.4321646988391876,2.5280040328333104,0.11511341379979916,0.2910071743191019,Q8N0Z6
35,0.4939467312348668,0.30974313616752625,18.837730293645606,0.3817924112437094,7.192102471169625,Q8N136
19,0.23471400394477318,0.4019920527935028,8.503304677946105,0.10849807166576952,0.9225921603436696,Q8N163
14,0.12564102564102564,0.2951946258544922,7.7575617543355815,0.2885599720294748,2.2385218028479987,Q8N1E6
4,0.135,0.5,0.0,0.14028220710720732,0.0,Q8N2K1
2,0.009573542210617928,0.5,0.0,0.20119138868780545,0.0,Q86VP6
12,0.2553846153846154,0.32652878761291504,6.245424243408483,0.14779479657771638,0.9230412055960949,Q8N2W9
31,0.44,0.2887963652610779,17.398682308616124,0.1789238848685061,3.1130398302505453,Q8N3Y1
22,0.3333333333333333,0.4064313471317291,9.758900682533254,0.14430141507301122,1.4082231780465235,Q8N448
16,0.15544041450777202,0.3723813593387604,7.5975513422053105,0.3418451513890378,2.597186088762162,Q8N461
13,0.1876484560570071,0.29254427552223206,7.241734911974972,0.296710921978725,2.1487018424576148,Q8N4B4
2,0.02120141342756184,0.5,0.0,0.04006834052476744,0.0,Q8N4F7
0,0.0,0.5,0.0,0.11996164131861163,0.0,Q8N4H5
29,0.2820069204152249,0.7812091708183289,6.079226626810711,0.10351723043483506,0.6293047035931494,Q8N4N3
4,0.14473684210526316,0.5,0.0,0.28678917524572756,0.0,A0A1B0GUS4
28,0.3018867924528302,0.31850528717041016,14.808390352364608,0.13778744030393789,2.0404102016738483,Q8N5D0
18,0.6428571428571429,0.33739060163497925,9.166821021999308,0.12678286097996072,1.1621957952603197,Q8N5I2
9,0.15570934256055363,0.41898664832115173,3.893277238442614,0.1309807050683117,0.509944197717623,Q8IXJ6
0,0.0,0.5,0.0,0.10455162411981853,0.0,Q8IX29
20,0.19626168224299065,0.4388654828071594,8.314502738745535,0.0880770442217775,0.7323168254025807,Q8IX12
15,0.2367758186397985,0.16764633357524872,10.726931415390036,0.07756091621756045,0.8319906287805837,Q8IWZ5
3,0.1797752808988764,0.5,0.0,0.14658210929201407,0.0,Q86VX2
28,0.5214521452145214,0.31923845410346985,14.786692220328964,0.2959485291313911,4.376099813324941,Q86VZ2
17,0.18340611353711792,0.5076536536216736,6.158948326871709,0.1599546370902995,0.9851523444826715,Q86WT6
3,0.17098445595854922,0.5,0.0,0.23954443949252863,0.0,Q86X83
69,0.32968536251709984,0.5235645771026611,24.215122880219052,0.04558423277771181,1.1038277981128004,Q86XK2
10,0.23049645390070922,0.43495482206344604,4.1898940569091145,0.18459691189111463,0.7734415040563566,Q86XS8
16,0.20323325635103925,0.4243093430995941,6.848091744648048,0.09499373888416597,0.6505258390459093,Q86XT4
21,0.27722772277227725,0.24497702717781067,12.865745389255459,0.3053585583538649,3.928665464210931,Q86Y01
5,0.04965753424657534,0.5,0.0,0.07849119211001937,0.0,Q86Y13
2,0.07947019867549669,0.5,0.0,0.08001054725507262,0.0,Q86YJ5
32,0.1936245572609209,0.526155412197113,11.172161216726956,0.1701512999302439,1.9009577540563467,Q86YT6
8,0.2037735849056604,0.5373951196670532,2.730954829235282,0.11799279790913916,0.32223300126494625,Q8IU81
15,0.28524590163934427,0.6613965034484863,3.9958534830282004,0.11780152048335107,0.4707176159294163,Q8IUD6
11,0.3346613545816733,0.609331488609314,3.251876764198961,0.14954326780221894,0.48629627780841844,Q8IUQ4
0,0.006191950464396285,0.5,0.0,0.2528918832237455,0.0,Q8IUR7
32,0.2002200220022002,0.650809109210968,8.706916278516644,0.0798483528340711,0.6952329231037143,Q8IVU3
8,0.4046242774566474,0.09211242198944092,6.653990152783755,0.23333270747405832,1.5525935378547564,Q8IVV7
9,0.4873417721518987,0.25901615619659424,5.361223773333523,0.1488235672648493,0.7978764468526107,Q8IW03
9,0.09253731343283582,0.7047168612480164,2.198534176391046,0.1371956271894601,0.3016292752274327,Q8IWR1
26,0.11283783783783784,0.27541887760162354,14.988133422073123,0.14751467384323813,2.2109696132760535,Q8IWT3
23,0.08333333333333333,0.5460414886474609,7.7168884990976965,0.043250994726168016,0.3337631037769011,Q8IWV7
21,0.07707380796864795,0.5028916597366333,7.680918360879232,0.07382776381647448,0.5670650266406142,Q8IWV8
5,0.10919540229885058,0.5,0.0,0.2001691867554034,0.0,Q8IWZ4
18,0.19686800894854586,0.5226739048957825,6.328251338212402,0.09300550156028328,0.5885621897099783,Q6PJ69
0,0.0,0.5,0.0,0.3584639087194657,0.0,Q6PJ61
14,0.34439834024896265,0.3776598572731018,6.578045173268913,0.23612386832377447,1.553233472320789,Q6PJ21
0,0.0,0.5,0.0,0.5825964677104138,0.0,Q3KP66
3,0.09142857142857143,0.5,0.0,0.2241136385014582,0.0,Q15884
87,0.5487693710118505,0.3308318853378296,44.891315080121075,0.1503396620757367,6.748945139280826,Q16531
9,0.15709969788519637,0.5810711979866028,2.8153375943980956,0.1847988460577338,0.5202711387077242,Q16539
4,0.1456953642384106,0.5,0.0,0.2567333651473103,0.0,Q16763
17,0.18992248062015504,0.3800089955329895,7.950186225556868,0.09351166671930304,0.7434351646806676,Q17RG1
10,0.12953367875647667,0.2841726541519165,5.66461983579754,0.051444791586395464,0.2914151868687661,Q1L5Z9
42,0.30654761904761907,0.5220907926559448,14.783150211602642,0.12287836962490802,1.8165293959218467,Q2Q1W2
27,0.3082191780821918,0.7255048155784607,6.327006609710645,0.15087951853620335,0.9546157110485184,Q2TBA0
30,0.2916666666666667,0.8171918392181396,5.85217685051013,0.06637833377618427,0.38845774830042024,Q2WGJ6
12,0.21818181818181817,0.5589099526405334,3.923902697008603,0.0772348797254702,0.3030621528579076,Q32M84
7,0.18686868686868688,0.28120794892311096,3.988815226961678,0.236789571356131,0.9445098478110641,Q3KNV8
31,0.29982964224872233,0.7529285550117493,6.876639545467247,0.09858476606514648,0.6779319009042237,Q3ZCT8
25,0.20234604105571846,0.3039597272872925,13.61206280121614,0.3728020418349693,5.074604805879209,Q6PIJ6
19,0.21040189125295508,0.4290706515312195,8.05503753215908,0.04512069334159802,0.36344887834361234,Q495X7
11,0.33877551020408164,0.44215548038482666,4.542985122841701,0.16339351639261934,0.7422943141404613,Q4G0X4
4,0.0963855421686747,0.5,0.0,0.4415611433116625,0.0,Q4G163
27,0.26534296028880866,0.7333714365959167,6.228241270173385,0.10305310089248304,0.6418395759979045,Q53G59
27,0.28146853146853146,0.754777729511261,5.967221489853246,0.10355777129613601,0.6179521583196105,Q53GT1
29,0.36613272311212813,0.33388590812683105,14.872650862242727,0.1805163243671542,2.684756267248044,Q58WW2
5,0.13095238095238096,0.5,0.0,0.2592573743765989,0.0,Q5EBN2
0,0.0,0.5,0.0,0.17867488199525247,0.0,Q5FWF7
38,0.20804710500490678,0.5406419634819031,12.888072004012475,0.08671782925054149,1.117625627412638,Q5GLZ8
33,0.5117773019271948,0.30051276087760925,18.092220508370556,0.36332097522275403,6.573283199046301,Q5H9S7
24,0.4612794612794613,0.35780760645866394,11.733389929140694,0.2813282789881969,3.300934395462593,Q5JS37
4,0.3287671232876712,0.5,0.0,0.4631983976232324,0.0,Q15843
4,0.16666666666666666,0.5,0.0,0.25826292338722084,0.0,Q15819
16,0.32273838630806845,0.36583128571510315,7.697735162163636,0.11064604241868038,0.8517239312805251,Q15648
9,0.057971014492753624,0.307064026594162,4.8700125989663405,0.09648176726330206,0.46986742214281924,Q13620
12,0.2692307692307692,0.28727880120277405,6.755446357925914,0.30253628642162667,2.043767654247409,Q13829
28,0.29422066549912435,0.6708124876022339,7.319774598692226,0.1148440211854936,0.840632349085248,Q13939
6,0.2754491017964072,0.15722642838954926,4.381129695366648,0.08865627813587067,0.3884146528217479,Q13951
4,0.01768990634755463,0.5,0.0,0.09303070395105355,0.0,Q14139
17,0.22879177377892032,0.5759860873222351,5.3722196696042515,0.04440399284039696,0.23854800374614687,Q14142
19,0.2072936660268714,0.5487756133079529,6.3400569594587415,0.16633690041294444,1.054585423077884,Q14258
19,0.17679558011049723,0.3730701506137848,9.009672098897607,0.07887035869816453,0.710596070192899,Q14289
22,0.208,0.2870252728462219,12.391266471710749,0.09163141045395662,1.1354292241136785,Q14527
14,0.06825938566552901,0.3685730993747711,6.6986842791460095,0.1550262106484014,1.0384716401260243,Q14669
6,0.3006993006993007,0.05023878440260887,5.426432394473468,0.12925774762046482,0.7014084289243662,Q14681
30,0.1560798548094374,0.3340640366077423,15.380020676411778,0.30501622179642557,4.691155797870026,Q149N8
0,0.0,0.5,0.0,0.05804269076510252,0.0,Q14CZ0
5,0.17682926829268292,0.5,0.0,0.3468724338969475,0.0,Q15011
0,0.0,0.5,0.0,0.12618073031643082,0.0,Q15025
38,0.21654749744637386,0.5397522449493408,12.911025933514113,0.05220375260595241,0.6740040037222066,Q15034
2,0.3939393939393939,0.5,0.0,0.10634498519271494,0.0,Q15038
15,0.14124293785310735,0.2897017002105713,8.40348752036288,0.44415763443791356,3.732473138072905,Q15345
9,0.30097087378640774,0.2928311824798584,5.010632789330388,0.2288005530350179,1.146435553254187,Q15366
3,0.13402061855670103,0.5,0.0,0.29013270869925234,0.0,Q15369
4,0.32075471698113206,0.5,0.0,0.12316123163125757,0.0,Q15370
12,0.05561735261401557,0.38226965069770813,5.586580308678544,0.09849476640470085,0.5502489225043947,Q15386
0,0.0,0.5,0.0,0.3314749094504356,0.0,Q15388
4,0.15753424657534246,0.5,0.0,0.2580054689752487,0.0,Q5JXB2
2,0.04395604395604396,0.5,0.0,0.0881286097244844,0.0,Q5M7Z0
0,0.0,0.5,0.0,0.18251563975047286,0.0,Q5MNV8
5,0.05580357142857143,0.5,0.0,0.03955354312384367,0.0,Q5XKL5
16,0.30455635491606714,0.3197104334831238,8.441566159151549,0.15334478154979928,1.2944701186132723,Q5XUX0
28,0.4536082474226804,0.337981253862381,14.242664502936329,0.13597267087918224,1.9366131329003733,Q5XUX1
30,0.3797216699801193,0.3410356044769287,15.167063059042379,0.1586899824879721,2.4068609712334035,Q5XX13
4,0.027777777777777776,0.5,0.0,0.062249678901643554,0.0,Q63HN8
0,0.16129032258064516,0.5,0.0,0.1231276119420867,0.0,Q66K89
0,0.024096385542168676,0.5,0.0,0.084834433443057,0.0,Q68DK7
8,0.2708333333333333,0.24638871848583221,4.887417789992722,0.25666766133424485,1.2544420941208154,Q68DU8
10,0.23728813559322035,0.4402715563774109,4.14557698955253,0.21222891938964583,0.8798113247393144,Q68DV7
5,0.32989690721649484,0.5,0.0,0.14150579466789923,0.0,Q693B1
17,0.18202247191011237,0.49374502897262573,6.332678472738327,0.07829363174615149,0.49580839631135565,Q6AZZ1
11,0.2994011976047904,0.49221357703208923,4.110185325007203,0.2902059667835019,1.1928003059030774,Q6IQ16
27,0.26654740608228983,0.7165036201477051,6.441939283147167,0.09422602456300049,0.6069983291271827,Q6JEL2
3,0.13861386138613863,0.5,0.0,0.20727760235986661,0.0,Q6P050
10,0.17771084337349397,0.16672737896442413,7.164443113312599,0.08458400246852182,0.6059972739820171,Q6P1J9
4,0.14049586776859505,0.5,0.0,0.3062763275455107,0.0,Q6P2C8
22,0.44345238095238093,0.3566370904445648,10.780816152228077,0.2530770321366765,2.728376955817026,Q6P3S6
5,0.10404624277456648,0.5,0.0,0.12251048929962403,0.0,Q6P9F5
31,0.41956521739130437,0.6544919013977051,8.372925970175155,0.09076929224175757,0.7600045643054302,Q6PCD5
12,0.11936339522546419,0.7042050957679749,2.934380794919687,0.05538682701149819,0.16252604147407926,Q6PCT2
2,0.011454753722794959,0.5,0.0,0.03032857281875287,0.0,Q6PD62
27,0.2682926829268293,0.7919076085090637,5.5401504032192115,0.138108243845371,0.7651404428278292,Q6PF15
7,0.2753623188405797,0.17895331978797913,4.893968406683711,0.06697156521364697,0.3277567243017461,Q6PI47
24,0.39118457300275483,0.35770687460899353,11.735754019412816,0.24983042770577282,2.9319484461196463,Q6PID8
17,0.09023255813953489,0.9012776613235474,2.8029096025394975,0.047552904762095324,0.13328649338632317,Q5XPI4
16,0.2198952879581152,0.7330300807952881,3.6933302604745455,0.051425170733340506,0.18993013921951646,Q5W0U4
27,0.5077399380804953,0.30922651290893555,14.546986229745519,0.30898786079892415,4.494842156200475,Q5QP82
2,0.034334763948497854,0.5,0.0,0.3555718533636913,0.0,Q5W0B1
15,0.16753926701570682,0.3879866302013397,6.903834215675165,0.18932133586827407,1.3070431163247203,Q5SWL7
14,0.1411192214111922,0.4285656809806824,5.941288135270176,0.16436668472431887,0.9765498337862893,Q5SWL8
2,0.08333333333333333,0.5,0.0,0.08085610605715086,0.0,Q5T0T0
2,0.03691275167785235,0.5,0.0,0.10845830729076243,0.0,Q5T197
25,0.19972826086956522,0.2553713023662567,15.001245337194788,0.15371663791330978,2.305940997746298,Q5T447
5,0.17222222222222222,0.5,0.0,0.19220333711628332,0.0,Q5T4S7
29,0.4426229508196721,0.32809826731681824,15.045806211999972,0.2784944438701722,4.190173433589314,Q5T6F0
2,0.05,0.5,0.0,0.15951854609350746,0.0,Q5TA31
28,0.41959798994974873,0.31747040152549744,14.839072074685195,0.1997047030293847,2.963432481906642,Q5TAQ9
5,0.04631578947368421,0.5,0.0,0.15211195499489283,0.0,Q5TC82
13,0.1882640586797066,0.3669348657131195,6.240620559255548,0.1868540353219174,1.1660851344098202,Q5TYX0
8,0.17194570135746606,0.31839609146118164,4.231892780258894,0.11511110073372997,0.48713783612272615,Q5U5Q3
10,0.07266982622432859,0.30817922949790955,5.399069554480478,0.12285648544963078,0.6633107101615754,Q5U5R9
13,0.1650485436893204,0.3821875751018524,6.0531222134119105,0.20458466344340825,1.2383759708126942,Q5VT98
13,0.1891891891891892,0.4359329044818878,5.436217728167602,0.1802944210263009,0.9801197278728905,Q5VTA0
5,0.10975609756097561,0.5,0.0,0.3578071539153378,0.0,Q5VTB9
3,0.012622720897615708,0.5,0.0,0.07738304960682163,0.0,Q5VTR2
4,0.12105263157894737,0.5,0.0,0.03291636535866856,0.0,Q5VVX9
14,0.15012106537530268,0.4030739367008209,6.252050289129479,0.1746394448898533,1.091854591917019,Q5VWM3
13,0.15513126491646778,0.3885190486907959,5.976955114320037,0.2068056429344921,1.236068045207556,Q5VWM4
15,0.16145833333333334,0.3805709481239319,7.006990578856242,0.199428719865146,1.3973951612484385,Q5VWM6
13,0.19154228855721392,0.3665446639060974,6.245492662950264,0.17365966456493587,1.084590160890711,Q5VXH4
13,0.1654501216545012,0.3960058391094208,5.888125402876714,0.18150873235066498,1.0687461777979008,Q5VXH5
15,0.15844155844155844,0.3307340443134308,7.741396614510747,0.2691771265544218,2.0838068962121317,Q8N531
